"Date","gdp_m","ip_can","cpi_infl","policy_rate_chg","tbill_3m","usdcad_chg","wti_chg","wcs_chg","starts_chg","nhpi_chg","unemp_chg","emp_chg","exports_chg","imports_chg","Hrs_Worked_total"
1981-01-01,0.001274909,-0.002229675,0.015037877,-0.26,-0.15,-0.005058035,-0.002028476,-0.017745633,0.038614836,0.001677461,0.1,0.005951733,0.018349406,0.030586656,0.007292086
1981-02-01,0.003042663,0.004222092,0.010604553,0.14,-0.03,0.006702156,-0.001118846,-0.021796263,0.073025135,0.013004084,0,0.006829789,0.003942962,-0.002410189,0.003984586
1981-03-01,-0.000819862,0,0.012578782,-0.55,-0.39,-0.006291784,-0.016586832,-0.024005273,0.020906685,0.015384919,0,-0.000407765,-0.014247625,-0.006477596,-0.003342824
1981-04-01,0.01176457,0.018937951,0.00623055,0.81,0.91,-0.000370381,0.032933617,-0.037510126,0.216223108,0.015151805,-0.3,0.003283988,0.018446873,0.088730283,0.006403815
1981-05-01,-0.00836364,-0.017627462,0.008247469,1.66,1.08,0.008466577,-0.047584027,-0.050715856,-0.016807118,0.017391743,0.1,0.002647652,0.007452035,0.014772462,-0.004487526
1981-06-01,-0.001484003,0.004721658,0.016293639,0.01,0.4,0.002557647,0.003395045,-0.029713779,-0.088553397,0.004914015,0,0.002623079,0.051582135,-0.001154837,0.004526773
1981-07-01,-0.00362008,0.004089142,0.008048333,0.82,1.46,0.006172413,0.002267611,-0.064894806,-0.097163749,0,0,-0.003451923,-0.038704756,-0.020141336,0.000944208
1981-08-01,-0.008109328,-0.041215156,0.007984074,1.14,0.53,0.009465507,0.007310671,-0.028081771,0.033447934,-0.004914015,-0.1,0.001533702,-0.048732008,-0.058914248,-0.005388621
1981-09-01,0.011234802,0.024665825,0.007920833,-1.4,-1.47,-0.018378776,0.030840753,-0.001413471,0.013072081,-0.004938282,1,-0.002213161,-0.001148342,0.068496799,-0.000723647
1981-10-01,-0.0070636,-0.017359533,0.009813621,-1.33,-1.39,0.001715784,-0.035888944,0.004000702,-0.594301346,-0.002478316,0.2,-0.002527754,0.058795465,-0.049392945,-0.007209482
1981-11-01,-0.000346659,-0.018404048,0.00778214,-2.9,-2.89,-0.012858672,-0.020451531,0.045084208,0.100643526,-0.002484473,0,-0.000761345,0.015682813,-0.005172616,0.005348605
1981-12-01,0.006461717,0.006930343,0.003868477,-0.74,-0.66,-0.001926631,0.034390911,-0.015699482,0.480585739,0.002484473,0.4,-0.004927321,-0.046315585,0.009206936,-0.008471774
1982-01-01,-0.013687171,-0.009866745,0.007692346,0.06,-0.07,0.006145461,-0.018469472,-0.017810998,-0.111225635,0,-0.1,-0.00271818,-0.076062041,-0.168753165,-0.008958035
1982-02-01,0.005640628,0.001377724,0.011428696,0.02,0.24,0.017964742,0.009578282,-0.011238251,0.097980408,0,0.3,-0.003450684,0.087808206,0.105609001,-0.000143718
1982-03-01,-0.006450236,-0.013560873,0.013170463,0.37,0.49,0.005229705,-0.002822576,-0.029573521,-0.182321557,-0.004975135,0.4,-0.002357952,0.03022549,0.019761399,-0.002744858
1982-04-01,-0.009200178,-0.028258877,0.005591813,0.21,-0.09,0.003563575,-0.058293045,-0.000768214,-0.083381609,-0.00500001,0.5,-0.005788402,-0.04400741,-0.072789915,-0.013335583
1982-05-01,0.002797702,0.010355861,0.012927235,0,0.2,0.007457409,0.070006811,-0.022204998,-0.256295758,-0.007547206,0.5,-0.004923488,0.020539036,-0.035972138,-0.003152123
1982-06-01,-0.010060397,-0.020055741,0.010949014,1.26,1.15,0.032967536,-0.008891189,-0.035850902,0.011173301,-0.007604599,0.8,-0.007403563,0.018746806,0.007903312,-0.010295357
1982-07-01,-0.007002692,-0.020765088,0.005429878,-0.98,-1.08,-0.004236718,-0.032410915,0.017029118,0.021978907,-0.007662873,0.8,-0.004305179,0.003429826,0.037682684,-0.005438528
1982-08-01,0.006445645,0.022691224,0.003603608,-1.34,-1.55,-0.019685508,0.031840699,0.033475813,-0.11506933,-0.0051414,0.1,-0.005273851,-0.029684217,-0.032484304,-0.0138065
1982-09-01,-0.000400035,-0.015231728,0.005381179,-1.08,-0.97,-0.008428799,-0.031840699,0.026781163,-0.102654154,-0.010362787,0.4,-0.002735297,0.060461293,-0.026968993,0.012244415
1982-10-01,-0.012512293,-0.017159064,0.007130155,-1.65,-1.52,-0.003851282,-0.006366522,0.019987803,0.311055424,-0.002607563,0.5,-0.001806066,-0.135460975,-0.042640032,-0.007903748
1982-11-01,0.006869144,0.019796854,0.00531445,-0.66,-0.49,-0.003033594,0.061973506,0.006958524,0.164002976,-0.007863736,0,-0.002143723,0.026130898,0.003044905,-0.004359498
1982-12-01,0.003596024,-0.00616086,0,-0.61,-0.92,0.009719451,-0.018173235,0.031004635,0.049190244,-0.002635048,0.2,0.000928583,0.060571247,0.05178289,-0.000258015
1983-01-01,0.004047408,0.016928626,-0.001768347,-0.45,-0.22,-0.007906177,-0.003915011,0.014048585,0.039220713,0,-0.4,0.002502875,-0.027896109,0.030269352,0.003074093
1983-02-01,0.001110299,-0.001357521,0.005295688,-0.38,-0.35,-0.000920293,-0.035254025,0.007153942,-0.015504186,0,0,0.00158192,0.002214586,-0.027842233,-0.011351007
1983-03-01,0.008082762,0.006165446,0.010507978,-0.01,-0.06,-0.0009043,0.005783479,0.00420118,0.117783036,-0.002642009,-0.2,0.005227481,0.038327505,0.036947482,0.020432725
1983-04-01,0.003600116,0.017608444,0,0.04,-0.05,0.00484826,0.012014977,0.012230961,-0.035339367,0,-0.1,0.00529177,0.005995594,-0.023729596,0.004246374
1983-05-01,0.010661557,0.007518911,0.001740644,-0.08,0.13,-0.002734333,0.003374419,-0.003873307,0.440804475,-0.002649008,0,0.001818589,0.014434084,0.012672538,0.007120783
1983-06-01,0.015747732,0.030968183,0.010380716,0.04,-0.08,0.002737652,0.049753722,0.007501265,-0.384845821,0.002649008,0,0.006271097,0.024392269,0.024162673,0.00907531
1983-07-01,-0.005050208,-0.000181406,0.005150226,0.09,0.07,0.000195499,0.008056836,-0.00498951,-0.211309094,0,-0.5,0.004706999,-0.051396264,0.008837395,-0.001340657
1983-08-01,0.006948535,0.022976232,0.005123837,0.06,0.05,0.001008482,0.041374168,-0.006604238,-0.096992266,0.005277057,-0.2,0.004792802,0.054840335,0.056784104,0.008826829
1983-09-01,0.00692173,0.0232432,0,-0.05,-0.05,-0.000996887,0.022323702,0.00881066,0.096992266,0,-0.3,0.004268912,0.009100509,0.054870147,0.001576691
1983-10-01,-0.00802947,-0.011511884,0.006791198,-0.07,0,-0.000437684,-0.034189635,-0.002860924,-0.078643127,-0.002635048,-0.1,-0.000975937,0.030784712,0.064355037,-0.002949018
1983-11-01,0.004085662,0.011332224,0,0.18,0.24,0.003924546,0,-0.006515451,0.09531018,0.002635048,0,-0.00011646,0.057682173,-0.005100098,-0.006238609
1983-12-01,0.008903585,0.029558304,0.001690617,0.41,0.23,0.008158426,0.032170323,0.002934169,-0.050858417,-0.002635048,0,0.002272993,0.013305281,0.012708956,0.005988515
1984-01-01,0.009471293,-0.003963961,0.006734032,-0.06,0.02,0.001185141,-0.035291645,0.007294691,0.050858417,0.002635048,0,-0.001681876,0.020585118,0.011461362,0.009666039
1984-02-01,-0.001105188,-0.004827868,0.005020931,0.06,0.09,-0.0003014,0.033781609,-0.003563687,0.008230499,0,0,0.003155662,-0.027340262,0.026041103,-0.006996433
1984-03-01,0.006969951,0.01542354,0.001668057,0.72,0.71,0.017541425,0.031738897,-0.016854458,-0.150060695,0.002628122,0,0.000178493,0.045924159,0.05264444,-0.005365829
1984-04-01,0.010784164,0.028113456,0.00332779,0.06,0.06,0.007353496,0.041552054,-0.006022239,-0.028987537,0.002621233,0.2,-0.000660585,0.009893978,-0.018652434,0.000247134
1984-05-01,0.001946893,0.015168454,0,0.78,0.7,0.011567467,-0.012720002,-0.019513394,0.038466281,0,0.2,0.004188208,0.061127024,0.043243996,0.015058026
1984-06-01,0.00051287,-0.001524341,0.006622541,0.38,0.82,0.007334838,0.001903613,-0.000160177,0.00938974,-0.002621233,-0.4,0.00611704,-0.018438319,-0.060759319,0.003758636
1984-07-01,0.004816927,0.015993087,0.003294896,1.26,0.62,0.015338135,0.02614649,-0.004228008,0.018519048,0,-0.1,0.003713984,0.045648331,0.038178359,0.00148267
1984-08-01,0.00394137,-0.000712933,0,-0.85,-0.6,-0.015673244,-0.014853255,0.020331766,0.213926897,-0.002628122,0.1,-0.000643005,0.001653207,0.082384647,0.009257975
1984-09-01,-0.005877904,-0.01768705,0.001643386,-0.11,-0.11,0.008374016,-0.036684535,0.003174518,-0.16907633,-0.002635048,0.5,0.002156397,-0.023523413,-0.092056815,-0.005471566
1984-10-01,0.011077996,0.019427583,0.003278691,-0.57,-0.6,0.003357858,0.044125596,0.015716633,-0.063369614,0,-0.5,0.001221361,0.022466087,0.028996191,0.006564914
1984-11-01,0.001713953,-0.003478244,0.004897969,-0.93,-0.92,-0.001866094,-0.011209042,0.01089212,-0.038099846,-0.002642009,0.1,0.000298523,-0.010344599,-0.042960731,0.000314359
1984-12-01,-0.000686158,-0.000949117,0,-0.62,-0.66,0.002915349,-0.002342233,0.013533142,0.047402239,0.002642009,-0.3,0.003435375,-0.026520729,0.051723891,0.006354031
1985-01-01,0.00912923,0.008126139,0.004874096,-0.5,-0.34,0.002789933,0.021876367,0.014983676,0.054067222,0.002635048,-0.5,0.004486739,0.005271673,0.025281665,-0.001282603
1985-02-01,0.007581871,0.013650907,0.006462058,1.29,1.77,0.021783362,0.034842267,-0.069780714,0,0,0.2,0.002140248,-0.002292313,-0.034415894,0.004759066
1985-03-01,0.006795614,0.004406428,0.001609011,0.23,-0.87,0.022240795,0.002213225,0.137130861,0.067822596,0.002628122,0.2,0.002179038,0.079970783,0.033389079,0.006082062
1985-04-01,-0.00699372,-0.006501992,0.004811557,-1.43,-0.63,-0.013480282,-0.012488155,-0.101847405,0.078780878,0,-0.2,0.003471429,-0.010351957,0.047108342,0.00238228
1985-05-01,0.009902828,0.00897139,0.003194891,-0.16,-0.26,0.007858397,-0.000916194,0.069370243,0.007547206,0,-0.2,0.003640257,0.009409931,0.018705034,0.002132307
1985-06-01,0.003410618,-0.001698839,0.004773279,-0.02,-0.18,-0.006094257,-0.006770161,-0.035504851,-0.062035391,0.005235614,0.1,0.001144544,-0.059876326,0.00031286,-0.003870341
1985-07-01,0.002890807,0.001391209,0.004750603,-0.26,-0.27,-0.010934265,-0.023341309,0.044352451,0.120446153,0.002607563,-0.3,0.004642171,-0.042314926,-0.001588489,0.012148274
1985-08-01,0.003933071,0.002611837,0,-0.11,-0.11,0.003606482,-0.010259746,-0.02476476,0.055186416,0.002600782,-0.1,0.002650344,0.07537706,0.018874557,-0.001481958
1985-09-01,0.004942248,0.003907839,0.001578532,0.11,-0.2,0.009468384,0.01256619,-0.030812158,0.013333531,0.007762005,-0.1,0.000955819,0.049920396,0.011795473,0.004899988
1985-10-01,0.016130797,0.007466804,0.003149609,-0.54,-0.22,-0.002716547,0.008290581,0.055205818,0.064124528,0.002574004,0.1,0.002615294,0.007654744,-0.006763687,0.004062635
1985-11-01,0.005425815,0.001594404,0.00313972,0.21,0.32,0.007285583,-0.000909127,0.007123025,0.036589448,0.007682496,0,0.005514798,-0.057121454,0.015491985,0.006443411
1985-12-01,0.000776456,-0.000454483,0.004691174,0.51,0.39,0.01327137,0.002284232,0.017937337,-0.094113291,0.002547772,-0.2,0.003505145,0.026488123,-0.008908371,0.004692056
1986-01-01,-0.000757547,0.005144335,0.004669269,0.84,1.31,0.00833298,0.022635898,-0.014843701,-0.096626836,0.012642393,-0.3,0.003618923,0.066243849,0.108842544,0.004859573
1986-02-01,-0.000491767,-0.005829255,0.004647568,1.51,1,-0.002193738,-0.012164328,-0.167035529,0.141650517,0.012484557,0.1,0.001208997,-0.052720709,0.014402005,-0.001219855
1986-03-01,-0.008861115,-0.015986755,0.003086422,-1.4,-1.36,-0.001854236,-0.039273056,0.072935666,-0.08529758,0.007416598,-0.1,0.000704574,-0.047609861,-0.136546655,0.002018504
1986-04-01,0.010979229,0.007991358,0,-1.17,-1.47,-0.009594649,-0.009464512,-0.011381613,0.209350229,0.004914015,-0.1,0.006835377,0.063796186,0.067264468,0.009298875
1986-05-01,-0.005760053,-0.019464264,0.006144413,-0.84,-0.39,-0.008817078,-0.058292076,0.069983313,-0.068992871,0.00732604,-0.2,-0.00257658,-0.026534081,-0.006966656,-0.014652799
1986-06-01,-0.000645794,-0.006102664,0.001530222,0.41,0.26,0.01039173,0.004046742,0.038785719,-0.018018505,0.004854378,0.1,0.00330915,-0.020782588,0.008479838,0.001833176
1986-07-01,0.005914879,0.007423664,0.007616183,-0.21,-0.33,-0.006586303,-0.007078261,0.028610812,0.023953241,0.007237667,0,1.66431e-05,0.049677023,0.093747553,0.002629899
1986-08-01,-0.001948817,-0.009621391,0.001516301,-0.05,0.07,0.005581823,0.025479626,-0.009189075,0,0.009569451,0,0.000632232,-0.040458443,-0.079390913,-0.003959078
1986-09-01,0.001382015,0.004941006,0,0.05,0.02,-0.000892202,0,-0.02867343,0.137959444,0.018868484,-0.1,0.000872822,0.072885427,-0.010827688,0.004320671
1986-10-01,-0.000927922,0.000700562,0.006042314,-0.01,-0.05,0.000891885,-0.004449489,0.037691149,-0.042111485,0.009302393,-0.1,0.002025334,-0.009589362,0.036341496,0.015111205
1986-11-01,-0.003013679,-0.002265571,0.004507896,-0.15,-0.06,-0.001626652,0.00347174,-0.099520245,-0.038360868,0.013793322,0,0.001855718,-0.006151399,0.004705843,-0.009164667
1986-12-01,0.011083019,0.017555054,0.001498128,0.02,0,-0.004521311,0.033475699,0.043050953,0.032970019,0.004555817,0.1,-0.000190384,-0.023745771,-0.029590067,0.000901378
1987-01-01,0.002812122,0.009123727,0.002989539,-0.75,-1,-0.014219293,0.008076066,0.00801588,0.154922583,0.009049836,0,0.00184437,0.001712223,0.001498913,0.010229345
1987-02-01,0.010060656,0.003653322,0.004467617,-0.15,0.04,-0.019623531,-0.037618651,-0.112905369,-0.097163748,0.017857617,0,0.002426404,0.055615312,-0.008636386,0.001187816
1987-03-01,0.001870623,0.00463199,0.002967361,-0.45,-0.48,-0.011059905,0.02716118,0.113652277,0.198348893,0.030503454,-0.1,0.00416232,-0.044381908,-0.008136293,0.003286523
1987-04-01,0.001590265,-0.005696165,0.005908437,1.12,1.28,-0.000219723,-0.010102609,-0.043302312,-0.129356021,0.01067246,-0.2,0.003891613,-0.001106326,-0.014051352,-0.003521956
1987-05-01,0.002729807,0.001671766,0.005873732,0.28,0.11,0.016744899,0.010590176,0.054466856,0.055569851,0.00845671,-0.3,0.004584919,0.032531291,0.020633396,0.012409398
1987-06-01,0.007269507,0.009833108,0.002923979,0.05,0.1,-0.001974069,0.021751052,0.020998431,0.031044622,0.004201687,0,0.002739271,-0.025648496,0.062240393,0.005658683
1987-07-01,0.006598519,0.010327305,0.005822433,0.17,0.68,-0.0095606,0.013946126,0.047572312,0.02586351,0.006269613,-0.2,0.002116369,0.03560862,0.009381656,-0.00324846
1987-08-01,0.00371793,0.011039782,0.001450327,0.48,0.02,-0.000182705,0.029100266,0.015568608,-0.021506205,0.00415801,-0.1,0.002483649,-0.014282957,-0.06089738,0.007423334
1987-09-01,0.006189505,0.004774888,0,0.33,0.36,-0.007793333,0.004482439,-0.081585769,-0.119959315,0.010320009,-0.2,0.00368577,0.013929265,0.049993314,0.006278818
1987-10-01,0.00334097,0.008831427,0.002894358,-1.31,-1.51,-0.004408551,0.009756175,0.048332859,-0.024815169,0.004098366,-0.1,0.005259092,0.024983273,0.030779504,0.001512984
1987-11-01,0.006130977,0.009542767,0.00432589,0.22,0.47,0.005038666,0.003097989,-0.005485749,0.024815169,0.004081638,-0.1,0.002559305,0.007008602,0.033760884,0.007222858
1987-12-01,0.001050114,0.009600294,0.001437815,0.18,0.1,-0.006614491,-0.001322966,0.036637329,-0.060624622,0,-0.2,0.005091097,0.021853808,0.057220131,0.001255923
1988-01-01,0.000659352,0.015064256,0.00143575,-0.03,-0.04,-0.017077661,0.040627146,-0.057391097,-0.098440073,0.004065046,0.1,0.001477058,-0.01730474,0.00771974,0.002271645
1988-02-01,0.002433918,0.003506919,0.004294924,-0.05,-0.05,-0.013626276,0.007597877,-0.015473546,0.022728251,0.010090903,-0.3,0.003224468,0.031939631,-0.072714382,0.001372251
1988-03-01,0.011714853,0.006905157,0.005698021,0.2,0.21,-0.014976981,0.003350485,0.0797936,0.038572275,0.009990093,0,0.001580703,0.010345703,0.038711433,-0.005972961
1988-04-01,-0.000843034,-0.002925515,0.002836881,0.28,0.34,-0.011229021,-0.007572366,-0.068571226,0.02139119,0.017734455,-0.1,0.001057675,-0.007677549,-0.037944583,0.011179086
1988-05-01,0.006736523,0.007983726,0.005649733,0.06,0.05,0.001417619,0.026256152,0.057375718,0.071458964,0.013579258,0.1,0.000291848,-0.006191551,0.037908582,0.004239692
1988-06-01,0.002211834,-0.004436098,0.002812941,0.32,0.27,-0.015863636,-0.033886297,-0.03357358,-0.098270221,0.007677581,-0.2,0.001450087,0.048483054,-0.010986735,-0.000235228
1988-07-01,-0.002316387,-0.008506516,0.005602256,0.09,0.1,-0.008286236,0.014775414,0.062326886,-0.027549952,0.003816799,0.2,0.00107832,-0.060750423,-0.018886684,0.001647439
1988-08-01,0.002003385,0.003632379,0.001395674,0.5,0.69,0.013949235,-0.014341961,-0.000417993,0.210776896,0.009478744,0,0.000644862,0.037775003,0.042590912,-0.002430373
1988-09-01,0.003821533,0.006332785,0.001393728,0.51,0.35,0.001799378,0.016428259,-0.061255016,-0.19966567,0.016838564,0,0.001005783,-0.007180093,0.020886398,-0.000534119
1988-10-01,0.000155916,-0.008354319,0.00555557,-0.03,-0.04,-0.017485333,-0.031003337,0.051133134,0.037944932,0.007393749,0,0.002525709,-0.002343631,-0.053658744,-7.78558e-05
1988-11-01,0.001593744,-0.005469798,0.001384083,0.33,0.47,0.010014783,-0.005609941,-0.025297106,0.056862862,0.012808958,0,0.002409941,0.033169815,0.046645645,0.006227571
1988-12-01,0.007998156,0.013546932,0,0.33,0.18,-0.017702419,0.010362281,0.012709675,-0.067558151,0.014440684,-0.3,0.004180126,-0.005832904,0.011034523,0.007135374
1989-01-01,0.001063186,-0.006680753,0.005517255,0.37,0.24,-0.003846311,-0.056077778,-0.022091844,0.09237332,0.008920666,0,0.005634167,0.051503302,0.002692164,-0.003804249
1989-02-01,0.002467613,0.00952082,0.006854036,0.16,0.43,-0.002040449,0.026868538,-0.106975023,-0.076372979,0.024562638,0.1,0.001144678,-0.014559534,0.003383047,0.003180206
1989-03-01,-0.001917995,-0.004504789,0.005449605,0.7,0.53,0.005276977,-0.007084567,0.074257214,-0.005305052,0.015477523,-0.1,0.003518631,-0.061637193,-0.007115929,0.004789021
1989-04-01,0.003525118,0.004642998,0.002713706,0.21,0.23,-0.005634485,0.026790981,-0.013161252,0,0.008496228,0.3,-0.001734619,0.000557824,0.026704325,0.00338115
1989-05-01,-8.53511e-05,-0.007495906,0.010781776,-0.21,-0.2,0.003464535,-0.017480885,0.035524849,-0.088947486,0.003378382,-0.1,0.000177455,0.058656892,0.002506066,-0.002660849
1989-06-01,-0.001590161,-0.008540266,0.004013383,-0.09,-0.09,0.004725966,-0.000899618,-0.012092046,0.017291497,0.005046268,-0.2,0.001326056,-0.083218836,-0.026948212,0.000926839
1989-07-01,0.000324808,-0.005423968,0.006653384,0.01,0.03,-0.007992804,-0.029120637,-0.006094684,0.022599832,0.003350087,0,3.08176e-05,0.015187594,-0.027650075,0.008085404
1989-08-01,0.005186567,0.002960753,0.001325381,0.08,0.05,-0.011375227,0.010854368,0.005423715,-0.081440332,0,-0.2,0.003791015,0.024876616,0.027165134,0.003893983
1989-09-01,0.002921723,0.002676444,0.001323627,0.07,0.07,0.006180102,0.017841169,-0.007662468,0.182321557,0.005004181,0,3.07e-05,-0.01496139,0.01068331,-0.006327067
1989-10-01,-0.001918991,-0.009955635,0.003960401,-0.04,-0.06,-0.00668003,-0.018274108,0.004340468,-0.051825068,0.004979263,-0.1,0.000383671,0.005632649,0.002969278,0.002859144
1989-11-01,0.004460222,0.012339649,0.00263158,0.04,0.04,-0.004456559,0.006727536,0.005740635,-0.02695581,0.006600684,0.3,0.001931464,0.023463741,-0.005156947,-0.005920308
1989-12-01,0.002316772,0.010665984,0,0,0.01,-0.007194338,0.003989703,-0.020492656,0.037537919,0.004922077,0.2,0.000543509,-0.00743727,0.034615286,-0.002666884
1990-01-01,0.003117795,-0.030915064,0.007853444,-0.18,0.12,0.008737934,-0.005331594,-0.02331898,0.09531018,0.009772065,0.2,0.002644433,-0.008247857,-0.043934133,0.004863502
1990-02-01,0.001681848,0.007410352,0.006497749,0.96,0.82,0.021223402,-0.017172191,-0.088774924,-0.077191001,0.001619434,-0.2,0.002553715,0.019950523,0.063698369,0.004285343
1990-03-01,0.001259856,0.00524102,0.003878479,0.13,0.1,-0.014027742,0.015828496,0.158774106,-0.00470049,0.001616815,-0.4,-0.000670195,0.03166899,-0.012951364,0.000662992
1990-04-01,-0.005857054,-0.007513664,0,0.39,0.29,-0.013622579,0.001343694,-0.06421372,-0.165433482,-0.001616815,0.3,0.001157328,-0.026092626,-0.030673299,-0.002414292
1990-05-01,-0.000828212,0.003832097,0.005148017,0.28,0.12,0.009162811,-0.0067366,-0.007515281,-0.008130845,-0.00486619,0.2,-0.003002685,0.035387873,0.010581573,-0.010926929
1990-06-01,0.000355774,0.001986483,0.003843695,-0.15,-0.09,-0.001494346,0.006280453,-0.011067241,-0.147117604,-0.011447386,-0.2,0.002477485,-0.018599024,-0.001194532,0.008730869
1990-07-01,6.75054e-05,-0.000707134,0.003828977,-0.31,-0.35,-0.013723967,0.013769711,0.070571781,-0.081874102,-0.006600684,0.3,-0.001584883,0.024743082,-0.017594367,-0.003997107
1990-08-01,-0.004231747,-0.013977681,0.001273075,-0.58,-0.56,-0.010770007,-0.006647209,0.007005531,-0.033753742,-0.009983444,0.2,-0.001014729,-0.026995867,0.01912513,0.001152053
1990-09-01,-0.006976545,-0.018253203,0.002541297,-0.4,-0.27,0.011918463,-0.006666355,-0.039640436,-0.134123342,-0.013468217,0.4,-0.000824749,0.018663802,-0.053806254,0.004776242
1990-10-01,-8.53326e-05,-0.000438429,0.008844025,0.05,-0.04,0.00142862,0.000430614,0.070179093,0.018034257,-0.006802747,0.3,-0.003842508,0.009275733,0.043652853,-0.008116324
1990-11-01,-0.006615065,-0.010443604,0.006269613,-0.41,-0.35,0.002829517,0.020801712,-0.044573067,-0.021290162,-0.010291686,0.3,-0.004149926,-0.036500573,-0.004092108,-0.0115596
1990-12-01,-0.001841339,-0.009653041,-0.001250782,-0.47,-0.54,-0.002628014,0.00699485,0.009072388,-0.007659657,-0.003454235,0.4,-0.003904326,-0.017142841,-0.00509381,-0.002442278
1991-01-01,-0.006687424,0.000745434,0.025943394,-0.9,-0.99,-0.003577643,0.039220713,-0.004623253,-0.180536759,-0.015693435,0.3,-0.003136025,-0.014334447,0.022100534,-0.002281008
1991-02-01,0.000519697,-0.014046416,0,-0.86,-0.76,-0.001137895,-0.013471348,-0.066964445,-0.008116153,-0.019521472,0.4,-0.003815182,-0.012986766,-0.051366081,-0.009541235
1991-03-01,-0.00079698,0.000833718,0.00365186,-0.1,-0.05,0.001985746,-0.005101929,0.056984908,0.001186481,0.003577821,0.3,-0.002798753,-0.030649017,-0.014494746,-0.00338067
1991-04-01,0.007308893,0.004520173,0,-0.26,-0.429,-0.003095768,-0.018924783,-0.097850276,0.125834526,-0.003577821,-0.2,0.003234622,0.057476553,0.012357314,0.003073072
1991-05-01,0.004159241,0.009437404,0.004848494,-0.59,-0.429,-0.003185639,0.004342659,0.068677633,0.12595316,0.007142888,-0.1,0.002269672,-0.008879118,0.012756597,-0.001023308
1991-06-01,-0.000309795,0.003793024,0.0048251,-0.16,-0.162,-0.005150419,0.014171877,-0.014959752,0.042180383,0,0.3,0.000496775,-0.008390212,0.010153341,-0.002003972
1991-07-01,-0.000805915,0.003483053,0.001202646,0.03,0.006,0.004699585,-0.006854236,0.047221686,0.127283774,0.001777778,0,-0.001087016,0.04936378,0.047859736,-0.0007205
1991-08-01,0.000514488,0.001553857,0.001201201,-0.14,-0.122,-0.003818773,-0.009474346,0.009146266,-0.013080053,-0.001777778,0,0.00030293,-0.004494213,-0.014880375,0.004155193
1991-09-01,-0.001029242,0.00198804,-0.002403847,-0.12,-0.195,-0.006958348,0.004308769,-0.055765246,-0.033067109,0,-0.2,-0.00161669,-0.025586593,0.009064147,-0.00692921
1991-10-01,0.003514845,-0.003914306,-0.001204094,-0.51,-0.549,-0.00786419,0.004752339,0.006048006,0.110370558,0,0,0.00043552,0.008639189,0.023485599,0.003113685
1991-11-01,-0.000138146,-0.005118219,0.003607941,-0.48,-0.384,0.002152129,0.016589087,0.046370281,-0.102341319,-0.005352377,0.1,-0.002943446,-0.012751656,-0.00825692,-0.003448298
1991-12-01,-0.003875867,-0.011523563,-0.004813487,-0.02,0.016,0.013545455,0.00379498,0.010894748,-0.0443376,0,-0.1,-0.001014302,0.014320246,-0.066082053,-0.000683158
1992-01-01,0.004287618,0.010482439,0.004813487,-0.59,-0.382,0.009323468,0.035133214,0.007542277,0.046414108,-0.001790511,0.1,-0.001562476,0.003926675,0.067183118,-0.005375284
1992-02-01,-0.002810645,0.002158163,0,0.48,0.21,0.022277663,-0.010613184,-0.085768916,0.001554557,0,0.1,-0.001478787,0.036515562,-0.006632859,0.005265382
1992-03-01,0.000961038,-0.001860588,0.003594971,0.09,-0.011,0.008506268,-0.004099607,0.10521178,0.018547655,0.001790511,0.4,-0.002069274,0.00331983,0.021865625,-0.003959745
1992-04-01,0.002071855,0.008968227,0.001195457,-0.8,-0.52,-0.004272122,-0.001658588,-0.077089166,-0.053134264,0.001787311,-0.2,-0.001099082,0.021250648,-0.002709212,-0.019051608
1992-05-01,6.8374e-05,-0.000147448,0.00119403,-0.35,-0.638,0.00962254,-0.023825015,0.009388604,0.008864229,0,0.2,0.000447629,0.016601654,0.005331034,0.013334738
1992-06-01,0.000512659,-0.001475676,0.002383791,-0.59,-0.485,-0.00263666,-0.005498147,0.005567177,0.005116637,0.003565066,0.5,-0.001516467,-0.027359873,0.04141692,0.00383881
1992-07-01,0.00145242,-0.00920916,0.002378122,-0.41,-0.426,-0.003472494,0.013510972,0.068419341,0.070650402,0.001777778,-0.1,0.001194509,0.03725292,0.031123825,-0.005984899
1992-08-01,0.002914227,0.010684836,0,-0.39,-0.349,-0.000723808,0.016630147,0.022813463,-0.120364509,0,0.4,-0.003051972,-0.007368323,-0.055432197,-0.002320083
1992-09-01,0.000307438,0.002874043,0,0.58,2.55,0.026034916,-0.014542117,-0.075068488,0.072853775,-0.001777778,-0.1,0.00050406,0.023618369,0.05028051,0.00552092
1992-10-01,0.003599792,0.012210785,0.001186944,1.68,-1.316,0.018443628,0.019482355,0.073231761,-0.058586991,0.001777778,-0.2,0.001015225,0.041178338,-0.011496153,-0.003915619
1992-11-01,-0.000661014,0.005365252,0.004733737,1.45,2.511,0.018250833,0.002043518,-0.044081049,0.03657429,0,0.7,-0.000645217,-0.011963739,0.023601461,0.005247557
1992-12-01,0.000848678,0.001443696,0,-1.46,-1.455,0.003753766,-0.024445583,-0.025450273,-0.013536786,0,-0.4,0.001345043,0.02170707,0.011624319,-0.003288175
1993-01-01,0.003029024,-0.000721587,0.003535655,-0.55,-0.549,0.003781105,0.020354362,0.006867605,-0.158651208,-0.001777778,-0.5,0.002598434,0.021853556,-0.002891604,0.011051613
1993-02-01,0.005813691,0.018961428,0.003523198,-0.72,-0.719,-0.014034862,0.026389303,-0.085063044,0.039542021,0.003552402,-0.2,0.000642679,0.004163744,0.021984485,-0.006810629
1993-03-01,0.003990905,0.008260645,-0.001173021,-0.73,-0.73,-0.010276742,0.01747388,0.122875862,0.034743635,0.005305052,0.2,0.00137019,0.027125465,0.027815815,0.003175625
1993-04-01,0.001121185,-0.005143786,0,0.24,0.232,0.012065187,-0.006710534,-0.043571653,0.062477421,0.005277057,0.4,-0.002499071,-0.000588964,0.008743142,-0.003069358
1993-05-01,0.000250552,-0.001203684,0.002344667,-0.5,-0.497,0.006386063,-0.009176548,0.039694952,-0.114688129,-0.003514942,0,0.00055676,0.020124627,0.009838807,0.006933334
1993-06-01,0.001253101,0.002473831,0,-0.31,-0.309,0.006696121,0.024123977,0.027107022,0.014911714,0.001759015,0.1,0.001887539,0.011318733,-0.005093087,-0.000625663
1993-07-01,0.000966998,-0.006372185,0.002339182,-0.38,-0.383,0.002418522,-0.057870111,0.022333285,0.153741907,0.001755927,-0.1,0.000750892,-0.038322981,0.005668031,-0.000517906
1993-08-01,0.003745014,0.014943874,0.001167542,0.49,0.584,0.020883105,0.039730592,0.037129299,-0.074089811,0.001752849,-0.4,0.001445443,0.031865418,0.030698875,-0.002819073
1993-09-01,0.004757279,0.01355449,0,0,-0.092,0.009430001,0.008318527,-0.048571291,-0.036122834,0,0.3,0.002526455,0.039403811,-0.000776684,0.00708239
1993-10-01,0.001008679,-0.00165679,0.002331003,-0.27,-0.265,0.003742039,0.010992172,0.029862897,0.041885897,-0.001752849,-0.2,-0.001184456,0.016489894,0.036533416,-0.00065579
1993-11-01,0.003576792,0.003448553,0.004645769,-0.27,-0.293,-0.006340529,-0.00509245,-0.063048853,0.009542086,0,-0.1,0.003782223,-0.00378683,0.00163774,0.00427409
1993-12-01,0.000198618,-0.010598007,-0.002320187,-0.25,-0.234,0.009795611,-0.010240939,0.050869238,-0.01318033,-0.001755927,0.2,-0.001982716,-0.016297073,0.003777032,0.000871688
1994-01-01,0.006461953,0.010047037,0,-0.23,-0.224,-0.010075167,-0.030164938,-0.019156001,-0.074336963,0.001755927,0,0.000622452,-0.010306055,-0.023661355,0.003005168
1994-02-01,0.004633142,0.001860855,-0.008163311,0.22,0.218,0.018590845,0.024993598,-0.081252482,-0.043813567,-0.001755927,-0.3,0.002571285,0.017360223,-0.007251008,-0.001652264
1994-03-01,0.007571059,0.014893957,0,1.54,1.538,0.016417102,0.010293763,0.112611513,0.055878869,0,-0.5,0.003028885,0.078709566,0.078296618,0.002156055
1994-04-01,0.002081169,0.006686914,0,0.43,0.43,0.013226661,0.026443346,-0.068862426,0.055460022,0,0.3,0.000935472,0.006842853,0.008906307,0.00830067
1994-05-01,0.006634967,0.008383993,-0.002344667,0.24,0.517,-0.001087852,-0.002305953,0.055354919,0.005796253,0,-0.2,0.005525366,-0.001283644,0.02774089,0.003187813
1994-06-01,0.006367455,0.014057846,0.002344667,0.61,0.337,0.002039915,0.012230251,-0.013836834,0.046039262,0.001755927,-0.4,0.002233832,0.065755523,0.028592174,0.001529316
1994-07-01,-0.000795248,-0.001053366,0.003506725,-0.88,-0.878,-0.000930362,0.010976542,0.065138435,-0.030000869,-0.001755927,-0.2,0.004361139,0.037474178,-0.028639013,0.004322862
1994-08-01,0.008039516,0.007945942,0.001166181,-0.44,-0.44,-0.003579976,0.006723035,-0.000439751,-0.081796326,0.001755927,0.1,0.001274143,-0.011774278,0.060330101,0.008088472
1994-09-01,0.003154225,0.010411092,0.001164822,-0.06,-0.063,-0.017450689,0.008922242,-0.024720244,0.024447484,0,-0.1,0.004693434,0.005914557,-0.0105342,0.000833227
1994-10-01,0.000787609,-0.003503202,-0.002331003,0.08,0.083,-0.002743469,-0.012649323,-0.00985161,-0.033018168,-0.001755927,-0.1,-0.000614901,0.019532261,0.021116774,-0.000619289
1994-11-01,0.004160027,0.011176826,0.005817352,0.42,0.415,0.010975932,0.015619726,-0.01200348,-0.039746911,-0.001759015,-0.3,0.006841256,0.035213622,0.010703819,0.009819019
1994-12-01,0.006170068,0.016179011,0.00115942,1.39,1.392,0.017074774,0.001461043,0.039376579,-0.141372985,0,-0.1,-0.00101113,0.033281458,0.066240253,-0.000153693
1995-01-01,0.001306205,0.010626964,0.003470217,0.95,0.798,0.017474551,0.020070049,0.003809572,0.08949082,0,0,0.001787648,0.051037111,0.012157747,-0.005228585
1995-02-01,-1.55393e-05,0.000124952,0.004608303,0,-0.211,-0.008800935,-0.013459486,-0.116719856,-0.106143289,-0.001762115,0,-0.000542745,-0.015496368,-0.040353731,0.000726001
1995-03-01,-0.002708847,-0.007151977,0.002296212,0.09,0.449,0.004879292,-0.012509545,0.088649528,-0.217687881,-0.001765226,0.1,0.002124071,-0.029264114,-0.004221865,0.000393411
1995-04-01,0.001558214,-0.002146264,0.003434462,-0.3,-0.3,-0.022641861,0.01360707,0.00271973,0.148149458,-0.001768347,-0.2,-0.001626543,-0.002495801,-0.005823171,-0.014791785
1995-05-01,0.001274946,-0.001009402,0.002283106,-0.53,-0.523,-0.010974632,-0.009545173,0.007135989,-0.162577901,-0.00177148,0,-0.000233656,-0.002423618,0.029017071,0.011612284
1995-06-01,0.001755472,-0.001834485,0,-0.67,-0.673,0.011952931,0.005895912,0.010751929,0.138884876,-0.001774623,0,0.000934298,0.011357608,-0.019538426,0.003576663
1995-07-01,0.000373387,-0.003166779,0.002277905,-0.1,-0.098,-0.01193523,-0.007003968,0.036131041,-0.064749798,-0.001777778,0.1,0.000180731,-0.069138187,-0.03605429,-0.001138301
1995-08-01,0.002370671,0.002215454,-0.002277905,-0.28,-0.285,-0.004372749,-0.005558775,-0.004861308,0.035043702,0,-0.1,0.001294284,0.086815038,0.033170598,0.000500595
1995-09-01,-0.001750657,-0.003169798,0.001139601,0.12,0.118,-0.003098889,0.004826366,-0.029948066,0.030723173,0,-0.3,0.002508545,0.005844312,-0.011154676,0.0054065
1995-10-01,-0.001241607,-0.000508101,-0.001139601,0.94,-0.527,-0.003886735,-0.001110099,0.039866012,-0.013420851,-0.005352377,0.1,0.001184488,-0.000209411,-0.007194656,-0.002244323
1995-11-01,0.003734474,0.002537929,0.003414915,-1.58,-0.113,0.005692409,0.002218967,-0.053161946,0.034858183,-0.005381179,-0.1,-0.002400421,0.001522802,0.011979983,-0.00413319
1995-12-01,-0.001935183,-0.004704961,-0.002275314,-0.28,-0.275,0.011968088,0.002214054,0.032422755,0.04122515,0.001796946,0.2,0.003134399,0.015921029,0.002274193,0.003482582
1996-01-01,0.004237997,0.009705533,0.002275314,-0.42,-0.422,-0.002136656,0.017886605,-0.012137435,-0.148504769,-0.001796946,0,0.00132429,-0.006744418,0.009610625,0.002009349
1996-02-01,-0.001158464,-0.000252239,0.001135718,0.13,0.061,0.006531315,0.005049328,-0.061544433,0.004304835,-0.003603608,0.1,0.001860021,0.001330514,0.029584118,0.005139002
1996-03-01,-0.002536447,-0.006331434,0.004530019,-0.25,-0.155,-0.007415218,0,0.098439321,0.068740006,-0.001806685,0.1,-0.001658165,-0.014684786,-0.028905237,-0.001700662
1996-04-01,0.003957041,0.005064608,0.002257337,-0.25,-0.299,-0.004582877,-0.039662074,-0.105546998,-0.043311913,-0.003623192,-0.3,0.002008865,0.029356643,-0.005798262,0.0016626
1996-05-01,0.002927386,0.005043741,0.00337648,0,-0.081,0.007294532,-0.001125086,0.058709354,0.191578361,-0.001816531,-0.1,0.001602702,0.019318626,-0.013698449,-0.004009791
1996-06-01,0.000906555,0.002449689,0,0,0.05,-0.002596745,0.027733592,0.007293447,0.079963632,0.001816531,0.6,-0.000946402,-0.001170978,0.040986162,0.008056471
1996-07-01,0.003635683,0.010111525,0,-0.25,-0.27,0.002815851,0.002929287,0.02509955,-0.061285776,-0.001816531,-0.1,0.002048166,0.008666731,0.01257631,0.007085695
1996-08-01,0.004538106,0.003408987,0,-0.5,-0.392,0.001811721,0,0.022822159,-0.008080992,0,-0.3,0.001204595,0.018231786,-0.010540083,-0.001871703
1996-09-01,0.000869096,-0.000247368,0.001122965,0,-0.071,-0.00188508,-0.001834958,-0.044232712,0.050703662,0,0.5,-0.003140935,0.01020457,0.053347098,-0.007038292
1996-10-01,0.004997257,-0.003161619,0.002242153,-0.75,-0.769,-0.013683633,0.014484545,0.073769062,-0.145029582,0,0,-0.000119282,-0.069759704,-0.044435627,0.007112009
1996-11-01,0.005080205,0.015528085,0.004469281,-0.25,-0.503,-0.009123404,-0.003239249,-0.042402705,0.171555186,0.003629768,0,0.002137461,0.040334483,0.046582476,-0.00482755
1996-12-01,-0.005383136,-0.016834193,0,0,0.109,0.017365913,-0.007229268,0.02537719,-0.020719595,0,-0.2,0.001798776,-0.001967959,-0.034538582,-0.000420108
1997-01-01,0.008521523,0.023567527,0.002227172,0,0.042,-0.009741237,-0.023457583,-0.012175893,-0.02015441,0.001809955,-0.2,0.005199704,0.056472127,0.080799417,0.005930665
1997-02-01,0.006273275,0.010948944,0.002222223,0,0.017,0.004871914,0.015723327,-0.075900341,0.09939858,0.001806685,0,0.000162518,-0.009125982,-0.003259524,0.000394215
1997-03-01,-0.000102604,-0.006013589,0.001109262,0,0.328,0.012200215,0.01053231,0.089270787,-0.039624427,0.001803427,-0.2,0.002338803,-0.006388089,0.00339663,0.00155151
1997-04-01,0.006748576,0.013686635,0,0,-0.048,0.01601501,0.016032186,-0.093405051,0.00245368,0,0.1,0.000103165,0.010110475,0.035443771,-0.000351516
1997-05-01,0.003541479,0.001619759,0.001108033,0,-0.133,-0.009739213,-0.024707694,0.014384223,0.047477357,0.001800181,0,0.004851452,0.004165677,0.005577269,0.003474446
1997-06-01,0.001892361,-0.008478107,0.00221239,0,-0.144,0.002539036,-0.003576008,0.051112744,-0.038663175,0,-0.3,0.003864287,-0.01089057,0.005258404,0.007026265
1997-07-01,0.010697121,0.024492091,0,0.25,0.46,-0.00498095,0.042915089,0.081107039,0.068301485,0,-0.2,0.003026824,0.033722006,0.025710749,0.007961412
1997-08-01,0.001255998,-0.00220566,0.001104362,0,-0.191,0.009644293,0.009413606,0.002664703,-0.001792075,0,0,0.004896415,-0.014460347,0.004874199,-0.005041511
1997-09-01,0.001738611,-0.001631765,0,0,-0.031,-0.002549531,-0.01529486,-0.051417978,-0.010748417,0,-0.1,0.001231224,0.016534841,0.008083832,0.008781451
1997-10-01,0.003865088,0.011644365,0,0.25,0.529,-0.000167473,0.016739387,0.049329209,-0.041939421,0,0.1,0.001244168,-0.014525373,0.011444437,-0.001679535
1997-11-01,0.000800454,0.001193856,-0.001104362,0.25,-0.054,0.018983445,0.00201617,-0.018771421,0.011165716,0.003590668,0,0.001906647,0.037753111,0.008014576,0.004163075
1997-12-01,0.009046356,0.00326651,-0.001105583,0.5,0.886,0.009470208,-0.002270149,0.054061262,0.00221826,0.001790511,-0.4,0.001110534,0.022790061,0.016304875,0.004787271
1998-01-01,-0.004400122,-0.007378286,0.005515734,0,-0.277,0.009841037,-0.014692977,-0.043515665,-0.123194881,0.001787311,0.3,-0.000728198,-0.037266337,-0.011479255,-0.018879618
1998-02-01,0.009760106,0.012238015,0.001099505,0.5,0.388,-0.004758301,0.003358935,-0.059794917,0.080541266,0,-0.2,0.003578208,0.034435524,0.020651394,0.015413721
1998-03-01,0.003782127,0.009805227,0.001098298,0,-0.006,-0.012415033,0.008254438,0.088140615,0.01557955,0,-0.2,0.002505035,-0.013424994,-0.015698097,-0.000640988
1998-04-01,0.000126419,-0.00439529,-0.001098298,0,0.26,0.009509444,-0.021964007,-0.061447899,0.004584219,0,-0.1,0.002019552,0.023655739,0.017278079,0.003473278
1998-05-01,-0.002240689,-0.008018349,0.003291281,0,-0.075,0.010564629,-0.018344062,0.021114598,-0.033757386,0.001784122,0,0.001122595,-0.009422192,0.007854729,-0.000558171
1998-06-01,-0.000835137,-0.000615328,0.001094691,0,0.132,0.013957244,0.007566521,0.017502631,-0.067458181,0.001780944,0.1,0.000892886,-0.031885343,-0.028833202,-0.002807556
1998-07-01,-0.000547027,-0.015736451,0,0,0.044,0.01511931,-0.010558819,0.007748692,-0.051380749,0,-0.1,0.004132591,0.011071698,-0.014711634,0.008761537
1998-08-01,0.009366193,0.025356674,0,0,-0.05,0.031536873,0.007477922,-0.002344502,0.130638686,0,-0.2,0.002691237,0.059098186,0.053529215,0.004235772
1998-09-01,0.002599045,0.00283423,-0.002190581,0.75,0.06,-0.009122754,-0.00530971,-0.019778248,-0.018899667,0,0.1,0.002761807,0.018426006,0.021848922,-0.00041919
1998-10-01,0.003519298,0.002024279,0.004376375,-0.25,-0.192,0.015455117,-0.017464554,0.034230306,-0.009683298,0,-0.2,0.00132155,0.018824967,0.02722254,0.003061418
1998-11-01,0.00199215,0.002807289,0,-0.25,0.071,-0.00367841,-0.000241761,-0.066538335,-0.050027326,0,0,0.002785782,-0.006243843,-0.008078655,0.003356079
1998-12-01,0.008049035,0.015717416,-0.003280484,0,-0.118,0.001849079,0.020720004,0.032749768,0.078138428,0.001777778,0.1,7.74678e-05,0.008188374,0.001245965,0.003331074
1999-01-01,0.008017131,0.011084274,0.002188185,0,-0.039,-0.015035149,0.014384558,-0.048225433,-0.078427912,0,-0.2,0.005148695,0.014107962,-0.013428374,-0.020305273
1999-02-01,0.004197101,-0.000949883,0.001092299,0,0.177,-0.014540383,-0.002832863,-0.099819144,0.060824939,0,0,-0.000700854,0.010562522,0.025076369,0.019957887
1999-03-01,0.000361202,-0.003743908,0.004357305,-0.25,-0.086,0.013417455,-0.012081223,0.072814095,0.016905335,0.001774623,0,0.001079112,-0.005443937,-0.013166013,0.003260552
1999-04-01,0.0050402,0.006086395,0.005420067,0,-0.148,-0.020050623,-0.014545711,-0.033612163,0.029163553,0,0.3,0.002650787,-0.002441937,-0.007164194,0.007275991
1999-05-01,0.001488362,-0.001865822,0.002159828,-0.25,-0.181,-0.017177481,0.019412374,0.061629848,0.038343162,0,-0.3,0.002518375,0.000959801,0.009082102,-8.42497e-05
1999-06-01,0.00624731,0.013633239,0.002155173,0,0.202,0.004810731,0.008109291,-0.007684987,0.008601258,0,-0.3,0.001413369,0.021568596,0.002211594,0.003213507
1999-07-01,0.003963039,0.005679017,0.002150538,0,0.014,0.01331076,0.006855916,0.047433986,-0.050572894,0.00177148,0,0.004020294,0.02649686,0.016882573,-0.003184621
1999-08-01,0.005246301,0.00950553,0.002145924,0,0.198,0.002392834,0.008436572,-0.011657085,0.043867508,0.003533573,-0.2,0.001447233,0.037392024,0.013503884,0.000659346
1999-09-01,0.007062671,0.013226909,0.003210276,0,-0.147,-0.010456757,0.019629915,-0.061182907,0.029440096,0.001762115,0.1,0.001576415,-0.019019305,0.015810191,0.008484272
1999-10-01,0.002895345,-0.005575857,0.001067806,0,0.163,0.000325774,-0.000797522,0.043022774,-0.0233359,0.001759015,-0.3,0.00276654,0.01267145,0.023050852,0.005086127
1999-11-01,0.009429314,0.012740598,-0.001067806,0.25,-0.035,-0.006691659,0.008988378,0.025025124,0.078637854,0.003508776,-0.3,0.002387827,0.02156365,-0.006150246,0.002272087
1999-12-01,0.005244839,0.015475985,0.001067806,0,0.115,0.003944638,-0.005046846,0.027837816,-0.024305074,0.001749782,-0.1,0.004245446,0.012274932,0.035252256,0.005410687
2000-01-01,0.000572648,0.003822841,-0.002136753,0,0.146,-0.016647108,-0.001657001,-0.00752116,-0.163270138,0,0,0.002829417,0.028826826,-0.007288395,-0.002416393
2000-02-01,0.001331336,-0.003865097,0.00639661,0.25,-0.025,0.001473568,-0.004947542,-0.065457247,0.088599107,0.003490405,0.1,0.001329928,-0.016982967,-0.001203287,0.002556505
2000-03-01,0.010197431,0.011497053,0.007411363,0.25,0.226,0.006536483,-0.003914161,0.025442347,0.029558025,0.001740644,0,0.001722864,0.040360898,0.021103933,0.001950701
2000-04-01,-0.000769695,-0.002817758,-0.003169575,0,0.172,0.005348722,0.007321546,0.004760554,0.015175617,0.00173762,-0.2,0.001713109,-0.02473984,-0.004679248,0.002189829
2000-05-01,0.007394633,0.015068782,0.004223871,0.5,0.302,0.018255196,0.003011711,0.056084861,-0.082460115,0.003466208,-0.1,0.000930103,0.054592209,0.032759366,0.000821757
2000-06-01,0.003842278,0.003372188,0.006302542,0,-0.2,-0.012534035,0.001747141,-0.028542137,-0.08746113,0,0.1,0.000705487,0.026400372,-0.01291089,-0.002948528
2000-07-01,0.003968252,4.99382e-05,0.003136437,0,0.074,0.000686426,-0.018957154,0.013593304,0.231076318,0.001728609,0.1,0.000244091,-0.023448778,0.006827251,-0.00095727
2000-08-01,0.005125529,0.01008908,-0.001044387,0,-0.003,0.003104412,-0.005500423,-0.016039876,-0.106849791,0.003448279,0.2,0.001348207,0.009306243,0.006008313,0.007855523
2000-09-01,0.001177123,-0.000395564,0.004171018,0,-0.058,0.002502853,-0.002089156,-0.011677635,0.096887218,0.001719691,-0.1,0.002832758,0.007380392,-0.000756852,-0.004554795
2000-10-01,0.002137434,0.002214306,0.002079003,0,0.055,0.017429546,0.00370052,0.01450402,0.005813513,0.001716739,0.1,0.00155831,0.015723997,0.004284539,0.014904041
2000-11-01,0.00047843,-7.5473e-05,0.003110422,0,0.117,0.019596884,0.005330107,-0.006528164,-0.056017741,0.003424661,-0.1,0.002430429,0.002816858,0.017248864,-0.012400984
2000-12-01,0.001123031,0.000992305,0.001034661,0,-0.179,-0.012913172,0.005462478,0.03935937,-0.08255515,0.001707942,-0.1,0.003262689,0.02839553,-0.002096911,0.00345044
2001-01-01,-0.001330806,-0.025920082,-0.004145084,-0.25,-0.415,-0.012746302,-0.013434416,-0.007046529,0.112939538,0.00170503,0.1,-0.001717291,0.021852622,-0.020636834,9.69057e-05
2001-02-01,-0.001612585,-0.002353959,0.005178675,0,-0.338,0.012337768,0.008214153,-0.087156871,-0.103625546,0.001702128,0.1,-0.000705212,-0.0797816,-0.03862233,0.002328155
2001-03-01,0.000578591,-0.007600182,0.003094381,-0.5,-0.2,0.023820119,0.004751687,0.112439672,0.034115012,0.003395589,0.1,0.000322444,0.023471702,0.019271804,0.002080913
2001-04-01,-0.000127856,0.003373008,0.007183202,-0.25,-0.194,-0.000651479,0.03501328,-0.079697374,0.093871672,0.003384098,0,0.002254202,-0.005858741,0.005867859,3.92464e-05
2001-05-01,0.003302414,0.001335254,0.008146685,-0.25,-0.009,-0.010345857,-0.011456935,0.059711582,-0.037773048,0.001687764,-0.1,0.001600349,-0.011741464,-0.008675503,-0.003180085
2001-06-01,-0.000512656,-0.009882867,0.001013685,0,-0.159,-0.011128716,-0.033393394,-0.062111883,0.100200707,0.003367007,0.2,-0.001586946,-0.032631477,-0.002085703,-0.004837597
2001-07-01,-0.001526432,-0.014021182,-0.003044142,-0.25,-0.213,0.003909592,-0.014658065,0.048357528,-0.169574954,0.001679262,-0.1,0.001593637,-0.025991014,-0.029285129,-0.000723869
2001-08-01,0.003785933,0.005284056,0,-0.25,-0.224,0.006378356,0.029024392,0.012818697,0.116072815,0.001676446,0.1,0.000147183,-0.004600554,0.016021388,0.002398864
2001-09-01,-0.004792873,-0.015450561,0.002030458,-0.5,-0.766,0.017710433,-0.009428978,-0.071434253,-0.055218308,0.003344485,0,0.001624261,-0.02531615,-0.03960728,0.000324277
2001-10-01,0.004409764,0.002967306,-0.005083895,-0.75,-0.499,0.002229042,-0.010320595,0.076916276,0.070257167,0,0.1,0.000273792,-0.025713914,0.009577756,-0.005782897
2001-11-01,0.005313941,0.000894645,-0.009216655,-0.5,-0.333,0.013432072,-0.003336673,-0.010293564,0.025260375,0.003333336,0.2,0.000894311,0.045628477,-0.012133178,0.002058383
2001-12-01,-0.002111217,-0.019677626,0.002055499,0,-0.211,-0.009435968,-0.015826313,0.037406351,0.018967783,0.001662511,0.6,-0.001649091,-0.041033903,-0.020631133,-0.001263293
2002-01-01,0.011105364,0.034564902,0.002051283,-0.25,-0.03,0.014361292,0.008198804,-0.010688863,0.189179035,0.003316753,-0.1,0.003588465,0.036941968,0.015386304,0.007658164
2002-02-01,0.005295988,0.013425694,0.006128722,0,0.104,-0.002779211,0.015928116,-0.061881001,-0.154252521,0.006600684,-0.1,0.001523534,0.016679729,0.040532443,-0.001936016
2002-03-01,-0.001148801,-0.001625978,0.007103023,0,0.273,-0.005542182,0.006943302,0.088700248,0.104371733,0.003284075,0,0.005185207,-0.038940404,-0.022441982,0.005251397
2002-04-01,0.006913335,0.014169538,0.006048406,0.25,0.067,-0.003576534,0.023042953,0.004211888,-0.060260044,0.006535971,-0.2,0.003123321,0.05584867,0.026440823,0.002018889
2002-05-01,0.001325777,-0.000604054,0.002008033,0,0.212,-0.020252626,-0.034936593,-0.01201033,0.094510776,0.006493529,0.1,0.003580129,-0.014862018,-0.002422046,0.002294759
2002-06-01,0.001038348,-0.007154937,0.002004009,0.25,0.116,-0.011663598,-0.000108775,-0.032073145,-0.028984332,0.001616815,-0.2,0.004071269,-0.042149247,0.031655467,0.00539666
2002-07-01,0.003770747,0.010322159,0.005988042,0.25,0.111,0.009261348,0.017535915,0.076295462,-0.032214012,0.001614205,0,0.00260712,0.058490546,-0.009204303,0.002484635
2002-08-01,0.003641685,-0.002065985,0.0039722,0,0.147,0.014131659,-0.00965322,-0.012784638,0.085743846,0.004827041,-0.2,0.005382183,0.00166015,0.032634241,-0.003046364
2002-09-01,-0.002331334,-0.009145567,0,0,-0.17,0.005030192,0.014637903,-0.052828766,-0.083439697,0.00160385,0.2,-0.000110346,0.001471793,-0.017979431,0.003941331
2002-10-01,0.005904876,0.006740224,0.002968829,0,-0.021,0.00124848,0.001740113,0.089453103,0.122461609,0.004796172,0,0.000901886,0.025833494,0.00823994,-0.004538263
2002-11-01,-0.00048655,-0.006316321,0.002960042,0,-0.071,-0.004066811,0.001631095,-0.027669893,-0.030231071,0.006359322,-0.1,0.003114652,-0.030473409,-0.007754906,0.011048621
2002-12-01,-0.003026554,-0.011228199,-0.003948672,0,-0.065,-0.007726684,0.001205035,0.026213215,-0.099477805,0.00316456,0.1,0.003710651,-0.015211947,0.006507012,0.004136648
2003-01-01,0.004893351,0.010911781,0.008862687,0,0.144,-0.011803268,0.025904902,-0.018367025,-0.043516945,0.001578532,-0.1,0.001255275,0.024527197,-0.004681172,0.00230617
2003-02-01,0.00281345,0.001595993,0.00781254,0,0.048,-0.018778621,-0.003177394,-0.12848736,0.239841756,0.006289329,0,0.003685894,-0.003271294,-0.006660282,0.002940942
2003-03-01,-0.001144092,-0.003711998,0.002914038,0.25,0.281,-0.024390309,-0.003758721,0.112705169,-0.195798538,0.001566171,-0.1,0.000519043,0.013176257,-0.007412641,-0.007215775
2003-04-01,-0.00317271,-0.003608716,-0.006812678,0.25,0.099,-0.011878975,-0.004307463,-0.037372021,0.061113736,0.003125003,0.2,-0.001057594,-0.070391204,-0.032314294,-0.001273937
2003-05-01,0.003007088,0.00064837,0.000976086,0,-0.044,-0.052059823,-0.001331124,0.062961855,-0.071702411,0.00622086,0.2,-0.001180698,-0.030484455,-0.015866782,-0.002149113
2003-06-01,0.002133178,-0.004713251,0,0,-0.07,-0.023549907,0.01630749,0.02034828,0.063732605,0.003095978,-0.2,0.003352363,-0.023064526,-0.026485759,0.005659394
2003-07-01,0.00485713,0.010884698,0.000975134,-0.25,-0.319,0.021397306,0.013285798,0.068566771,0.080155988,0.003086422,0.1,0.001362089,0.038292611,0.015683642,0.005449224
2003-08-01,-0.009541456,-0.013517168,0.00291971,0,-0.108,0.010177231,-0.001078222,-0.031845339,0.06065848,0.004611845,0.1,-0.000607275,-0.036872767,-0.05709653,-0.031601952
2003-09-01,0.012642806,0.019707076,0.001941748,-0.25,-0.103,-0.023507913,0.012674601,-0.041301343,-0.025533877,0.004590674,0.1,0.002286547,0.060913886,0.047672268,0.029362534
2003-10-01,0.004904536,0.005633252,-0.002914038,0,0.054,-0.030823514,-0.00580659,0.043046358,0.080918333,0.004569696,-0.3,0.003489983,-0.024501138,-0.011461619,0.004700069
2003-11-01,0.001079206,0.000824883,0.002914038,0,0.063,-0.007034962,-0.012365957,-0.025688601,-0.157920927,0.007570059,-0.2,0.003110324,0.002677402,0.019127358,0.001291274
2003-12-01,0.003414461,0.002009276,0.000969462,0,-0.124,0.000193783,0.017733832,0.059553298,-0.001168783,0.00301205,-0.1,0.002696238,0.012833627,0.001081716,0.001794346
2004-01-01,-6.86022e-05,-0.00415539,0.000968523,-0.25,-0.33,-0.012912397,0.010116531,-0.037238301,-0.109803764,0.003003005,0,-8.84933e-05,-0.032601073,-0.039934443,0.003738094
2004-02-01,0.000518283,-0.003449905,0.001934237,0,-0.127,0.025121429,-0.003531024,-0.035623287,0.11451673,0.002994014,0,0.000455025,0.067561679,0.061326609,-0.000949923
2004-03-01,0.007602247,0.012150224,0.003857285,-0.25,-0.143,-0.000454203,-0.0025316,0.049672817,0.117639894,0.00447428,0,0.000593749,0.010808313,0.018835279,0.003808012
2004-04-01,0.00239364,-0.00183601,0.001923078,-0.25,-0.046,0.010555597,0.011656836,-0.053171942,-0.010782064,0.007412932,-0.1,0.002925693,0.037365721,0.008233178,0.001888956
2004-05-01,0.003094954,-0.004291291,0.008608375,0,0.074,0.026370918,0.006470922,0.057403899,-0.038486548,0.007358385,-0.1,0.001145245,0.025015439,0.070739286,0.004135629
2004-06-01,0.004500611,0.014508911,0.000951928,0,0.024,-0.015107035,0.003928509,-0.023963905,0.003157324,0.007304634,0.1,0.001445414,0.03337979,-0.041244747,-0.001394057
2004-07-01,0.000668425,-0.006785529,-0.000951928,0,0.042,-0.026659441,-0.014902048,0.014661982,-0.040174924,0.001454546,-0.1,0.000859972,-0.018613139,0.037509324,0.00020544
2004-08-01,0.004538794,0.005374579,-0.001906578,0,0.056,-0.007724058,0.00451496,-0.000321429,0.175956681,0.004350986,-0.1,0.000489289,-0.011665026,-0.023085222,-0.00165986
2004-09-01,0.002753021,0.005033706,0.001906578,0.25,0.272,-0.01844682,-0.014094543,-0.04220546,-0.111891446,0.002890175,-0.1,0.002098716,-0.031053581,0.014435645,0.006892902
2004-10-01,0.001196084,-0.000957263,0.00190295,0.25,0.171,-0.03223909,0.012513535,0.02647362,0.000794258,0.002881846,0.2,0.000669409,-0.00062181,-0.013631224,-0.001407548
2004-11-01,0.001461967,0.000112837,0.003795071,0,-0.027,-0.041646193,0.009534485,-0.007972707,0.029313896,0.004307257,0.1,0.001168827,-0.02592741,-0.023955472,0.003680681
2004-12-01,0.000511152,0.000549536,-0.001895735,0,-0.079,0.019074333,-0.022561351,-0.015698581,-0.072914716,0.001431639,-0.1,0.00090537,0.005839624,0.021462572,0.00084613
2005-01-01,0.004109263,0.012773687,-0.000949217,0,-0.04,0.005093586,0.005333279,-0.003499728,-0.212309919,0.002857145,-0.2,0.00069876,0.010268987,0.026493414,-0.000859869
2005-02-01,0.001147399,-0.010148759,0.003791474,0,0.027,0.011630939,-0.010267159,-0.111809163,0.136194781,0.002849005,0.1,0.00081668,0.013379904,-0.005377215,0.002616126
2005-03-01,-0.003380904,-0.010459704,0.005660392,0,0.082,-0.019196198,-0.026384265,0.060738475,0.003897046,0.004258346,-0.1,-3.73906e-05,-0.007188125,0.000978965,-0.002370138
2005-04-01,0.007411375,0.012582899,0.002818226,0,-0.085,0.016246755,0.043961734,0.004922762,0.164351958,0.005649733,-0.2,0.001606536,0.016210718,0.00265643,0.00304556
2005-05-01,0.004537652,0.008433718,0.000937647,0,-0.01,0.015645711,0.031981309,0.058374294,-0.117297013,0.00421645,0.3,0.000273725,0.00515116,0.025459997,-0.002065507
2005-06-01,0.003267902,-0.006628087,0.00187266,0,0.022,-0.012257827,-0.025682095,-0.05298802,0.059279573,0.008379937,-0.2,0.001560048,0.000547894,3.69452e-05,0.002124662
2005-07-01,0.001882237,0.002891411,0.001869159,0,0.108,-0.014185323,0.016453352,0.039736745,0.052528963,0.001389854,-0.1,0.002505894,0.005979883,-0.010062433,0.002950034
2005-08-01,0.006435986,0.008587489,0.00372787,0,0.177,-0.015430106,0.002872802,0.018862205,-0.17651388,0.00415801,0,0.002746779,0.030307259,0.0046725,0.003598535
2005-09-01,0.000167278,0.001759145,0.008337241,0.25,0.055,-0.02219784,0.014039476,-0.07318287,0.103140883,0.005517255,0,-0.000890021,0.027716501,0.012427679,-0.004639952
2005-10-01,0.002271721,0.00082743,-0.004623217,0.25,0.212,-1.3146e-05,0.004281392,0.120130224,-0.058262964,0.006854036,0,0.002439485,0.034025623,0.001099959,0.002909714
2005-11-01,0.006221361,0.007624255,-0.001855288,0,0.279,0.002968809,0.018583864,0.012690411,0.073764831,0.005449605,-0.4,0.00181802,-0.02708796,0.008810871,0.006798216
2005-12-01,0.003660817,0.006687395,-0.000928936,0.25,0.091,-0.017140039,0.012685794,0.056458055,-0.010290692,0.006770507,0.3,-0.000548139,0.018384576,0.011359039,-0.003424205
2006-01-01,0.002369315,-0.004222397,0.005560719,0.25,0.095,-0.003208651,-0.034565061,-0.033297671,-0.04269376,0.00806456,0.1,0.001766518,-0.020253774,0.004339088,0.000235561
2006-02-01,0.002676327,-0.002346944,-0.001850139,0,0.222,-0.007281099,-0.003425435,-0.138182872,0.062712627,0.006671139,-0.1,0.001916863,-0.0583529,-0.044517592,-0.000346571
2006-03-01,0.00305832,0.00149976,0.00554018,0.25,0.076,0.007383609,0.018298664,0.063204724,0.045866893,0.010582109,-0.1,0.00337628,0.001088634,0.021860512,0.010107365
2006-04-01,-0.000562736,-0.006436177,0.005509656,0.25,0.186,-0.011846827,-0.002248587,0.016983263,-0.064772298,0.011772536,0,0.002211985,0.012942615,0.023240956,0.000144132
2006-05-01,0.000589153,-0.003440572,0.004568304,0.25,0.201,-0.030456349,0.017030642,-0.043656628,-0.055918439,0.011635555,-0.3,0.004075062,-0.01168485,0.00449276,0.00174121
2006-06-01,-0.001644009,-0.005339863,-0.001824818,0,0.125,0.003941706,-0.017241706,-0.035990548,0.090223672,0.015306421,0.1,-0.001088712,0.014984377,0.008772608,-0.003883462
2006-07-01,0.000974954,0.000390301,0.000912825,0,-0.143,0.013726442,-0.000750812,0.104122636,0.000810292,0.010075652,0.2,0.000480639,0.006616837,0.004615073,-0.00109371
2006-08-01,0.000209053,-0.007137752,0.001823155,0,-0.028,-0.00976768,-0.002738198,0.012449026,-0.136344244,0.01492565,0,-0.000292006,0.003066608,0.013161736,-0.002573359
2006-09-01,-0.002427821,-0.016536665,-0.005479466,0,0.036,-0.001869499,-0.013363228,-0.029690114,-0.033744292,0.004926118,0,0.00196939,-0.009510367,-0.036435118,0.00259458
2006-10-01,0.001593152,-0.001976484,-0.001833181,0,0.004,0.011070264,0.008952271,0.073037441,0.124054853,0.002453989,-0.2,0.001183414,-0.027930063,0.009108639,0.001060813
2006-11-01,0.002025075,-0.000795198,0.001833181,0,0.008,0.006707246,-0.003066089,-0.019175408,0.015636589,0.004889985,0.2,0,0.034246835,0.014547885,-0.006514171
2006-12-01,0.007034791,0.010201735,0.001829827,0,-0.016,0.014682069,-0.014991531,0.038641251,-0.106733656,0,-0.2,0.003759414,0.066561127,0.022054869,0.008901105
2007-01-01,-0.000133455,-0.004346143,0,0,-0.005,0.01969363,0.014469715,-0.048706302,0.148966083,0.00365186,0.1,0.003943969,-0.018212773,0.000617656,-0.002131515
2007-02-01,0.00466037,0.010686319,0.007286007,0,0.028,-0.004493179,0.010701851,-0.081803277,-0.21508802,0.004848494,-0.1,0.001287164,-0.016721284,-0.001582077,0.00356975
2007-03-01,0.001819606,0.001850884,0.0081338,0,-0.011,-0.002080247,0.004309645,0.13485806,0.111367413,0.003621006,0,0.001705645,0.037436,0.030245392,0.003441493
2007-04-01,0.001015903,-0.004443275,0.004490353,0,-0.005,-0.029515806,-0.025133849,-0.063262788,0.02410219,0.00839837,0,-0.000372111,0.005073628,-0.025600691,0.001989385
2007-05-01,0.004063923,0.002226983,0.00447028,0,0.118,-0.035308605,0.016708052,0.015781105,0.045929063,0.010695289,-0.1,0.001409689,-0.019698862,-0.016247439,0.005348256
2007-06-01,0.002530563,0.002761706,-0.001785715,0,0.132,-0.02753175,0.003670074,-0.070923043,-0.033592099,0.005892769,-0.1,0.00275963,-0.033456525,0.00737638,0.003344492
2007-07-01,-0.000498312,-0.010564891,0.000893256,0.25,0.144,-0.014019173,-0.015954134,0.079308152,-0.02495342,0.009356793,-0.1,0.004056752,-0.014462334,0.018612846,-0.003937214
2007-08-01,0.002598716,0.006230694,-0.002682165,0,-0.553,0.007478719,0.020090317,0.072903054,0.036561638,0.004645769,0,0.001267341,0.002790251,-0.032046902,0.008283876
2007-09-01,-0.002005823,-0.005360982,0.001788909,0,0.096,-0.031554248,-0.009622746,-0.076828055,0.220152125,0.002314816,0,0.001111319,-0.02598066,0.005776668,-0.00453036
2007-10-01,0.000658292,-0.007049,-0.002684565,0,-0.137,-0.050116655,-0.022204035,0.033505283,-0.21271462,0.001155402,0,0.002817329,-0.012373223,-0.027589415,0.004562158
2007-11-01,0.00075172,-0.003431939,0.002684565,0,-0.048,-0.008353607,-0.010069601,-0.040279067,0.000201406,0.004608303,0.1,0.001248946,0.02694703,0.009571437,0.000817789
2007-12-01,-0.00390029,-0.018274632,0.000893256,-0.25,-0.058,0.036576106,-0.010270579,-0.046090729,-0.285794258,0.001148765,0.1,0.000136047,-0.043316327,0.0061819,-0.002755616
2008-01-01,0.003369274,-0.002502308,-0.001787311,-0.25,-0.407,0.00792789,0.004842029,0.03589182,0.144588795,0.005724114,-0.1,0.001483482,0.042844285,0.030530948,0.006408786
2008-02-01,-0.001376674,0.001595273,0.003571432,0,-0.216,-0.011985026,-0.011901159,-0.064774448,0.145306168,0.003418807,0,0.002082615,0.035887133,0.002459642,0.00108986
2008-03-01,-0.000504393,-0.00909179,0.003558723,-0.5,-1.214,0.002937661,0.006184082,0.101586763,0.012796389,0.002272728,0.1,0.00027107,0.028681063,-0.023469307,-0.007050256
2008-04-01,0.003487334,0.01054742,0.007961121,-0.5,0.677,0.011767875,0.007431964,-0.078427815,-0.061048382,0,0,-1.76762e-05,0.0176847,0.042052114,0.002623134
2008-05-01,0.000827636,-0.002895447,0.009644967,0,0.025,-0.014419595,-0.015752242,0.001846941,0.025340871,0,0,0.000883429,0.051850288,0.041413362,0.000103175
2008-06-01,0.003383655,0.00714876,0.00695655,0,-0.036,0.017223638,0.022023232,-0.017543713,-0.022737937,0.00113443,-0.1,0.000553218,0.014640653,0.031736676,0.003837284
2008-07-01,0.005862226,0.015713297,0.003460211,0,-0.274,-0.003979333,0.03878933,0.10158905,-0.139333689,0,0.1,-0.000900607,0.019909881,0.00875848,-0.002787538
2008-08-01,-0.001957428,-0.011752895,-0.001728609,0,0.101,0.040351605,-0.009887975,0.01295316,0.11787545,0,0,0.00131826,-0.03693101,-0.044529315,0.000298624
2008-09-01,-0.000789048,-0.009964906,0.000864678,0,-0.641,0.003692206,-0.020580641,-0.079351545,0.045884456,0.001133145,0.1,0.001298904,-0.027803831,0.027968413,0.000312023
2008-10-01,9.83015e-05,-0.003964169,-0.010425811,-0.75,0.338,0.112872433,0.009638716,0.048444385,-0.042949898,-0.004540303,0.1,0.002645481,-0.002410375,0.019041256,-0.002012249
2008-11-01,-0.011180849,-0.018837394,-0.003499566,0,-0.38,0.027820972,-0.026803856,0.001686368,-0.25923688,-0.002277905,0.3,-0.005156649,-0.084101028,-0.029708807,-0.00631212
2008-12-01,-0.013189414,-0.032244186,-0.007036089,-0.75,-0.89,0.013313276,-0.017352565,0.011857893,-0.120705403,-0.002283106,0.3,-0.000612575,-0.124917094,-0.066142529,-0.004714632
2009-01-01,-0.008458743,-0.019483784,-0.002651349,-0.5,-0.018,-0.006664524,-0.001324288,-0.015470511,-0.127488677,-0.005730675,0.5,-0.008734559,-0.100476678,-0.092840806,-0.008715463
2009-02-01,-0.00378776,-0.012241101,0.007054703,0,-0.126,0.015246468,-0.009180656,-0.069292631,-0.133987123,-0.006920443,0.6,-0.002523285,0.057614978,0.002306044,-0.004831055
2009-03-01,-0.006699439,-0.020483742,0.001755927,-0.5,-0.385,0.0154396,-0.039963365,0.062195144,0.198547372,-0.00464038,0.3,-0.001544485,-0.009108358,-0.044986335,-0.001855999
2009-04-01,-0.003115876,-0.018996227,-0.000877578,-0.25,-0.169,-0.032528374,-0.029490128,-0.078356957,-0.233196535,-0.00583092,0,-0.001528943,-0.055365423,0.001189465,-0.00504557
2009-05-01,-0.001933897,-0.008908578,0.006999154,0,-0.05,-0.061597578,0.000770588,0.021870564,0.134370852,-0.001170275,0.3,0.000591548,-0.086313906,-0.054671806,-0.006533572
2009-06-01,0.000193497,-0.004350335,0.003481292,0,0.046,-0.021417895,0.003009063,0.018009032,0.110035275,-0.002344667,0.1,-0.001673971,0.052425961,-0.00448104,0.002018253
2009-07-01,0.002851111,0.001104791,-0.003481292,0,-0.002,-0.003872938,-0.009571265,0.074853815,-0.036836656,0.002344667,0,-0.000592539,0.047055937,0.075357403,0.005369901
2009-08-01,0.001060235,-0.002991243,0,0,-0.003,-0.030736645,-0.026743985,-0.039006169,0.184158972,0.001170275,-0.1,-5.98704e-06,-0.048492455,-0.021544037,-0.007841506
2009-09-01,0.006420672,0.017013633,0,0,-0.016,-0.005943044,0.029487992,-0.052972881,0.007373705,0.004667453,-0.2,0.002457657,0.026509294,0.001356143,0.009600876
2009-10-01,0.001465,5.41007e-05,-0.00087222,0,0.01,-0.025190269,-0.001248812,0.064168789,0.119350359,0.002325582,0.1,0.000561244,0.031334352,-0.007108596,-0.003655103
2009-11-01,0.006102453,0.01538719,0.005221944,0,-0.004,0.004467051,0.02604862,0.005100004,-0.078032953,0.003478264,0,0.00425876,0.015206774,0.037482832,0.001340881
2009-12-01,0.002279152,-0.005857187,-0.003478264,0,-0.026,-0.004896,-0.013549639,-0.0169664,-0.002791333,0.003466208,0,-0.001623932,0.019442322,0.032727169,0.007490806
2010-01-01,0.006360191,0.010961688,0.002609832,0,-0.023,-0.010933031,0.018381331,-0.045627652,0.098799699,0.004603,-0.2,0.001641763,0.00664553,-0.029300448,0.0068664
2010-02-01,0.003130329,0.013075179,0.004334641,0,-0.009,0.013225546,0.020813586,-0.01497102,0.058925254,0,0,-0.000416134,0.023118098,0.033412694,0.003646829
2010-03-01,0.004974085,0.012735342,0,0,0.119,-0.03252066,0.020098484,0.112274359,-0.032510514,0.003438399,-0.1,0.002595036,-0.011444981,0.027860095,-0.004973767
2010-04-01,-0.000806253,-0.001964682,0.003454235,0,0.112,-0.017694608,0.00606219,-0.043287143,0.053073629,0.002285715,-0.1,0.003953814,0.004942713,-0.035732681,0.006238887
2010-05-01,0.005681212,0.024484238,0.002582868,0,0.026,0.034094655,0.053157485,0.054386806,-0.032312196,0.003418807,0,0.001080433,0.026013452,0.054268053,0.003752694
2010-06-01,0.002421866,0.006408857,-0.000860215,0.25,0.152,-0.001913688,-0.00190817,-0.024127547,-0.047327912,0.00113701,-0.2,0.004580331,-0.010899768,0.004985071,-0.001859606
2010-07-01,0.000768169,0.000322973,0.005150226,0.25,0.062,0.004569699,0.00551182,0.027339385,0.025801851,-0.00113701,0.2,0.000698744,-0.010439872,0.009432454,-0.00140581
2010-08-01,0.003330868,0.000263318,-0.000856531,0,0.051,-0.001247559,0.002371552,0.011822234,-0.018876789,0.00113701,0,0.001501528,0.027087782,0.017120575,0.001643523
2010-09-01,0.000264592,-0.004800753,0.001712329,0.25,0.201,-0.008002081,-0.009113686,-0.082427222,-0.030362994,0.001135718,0,-0.000216878,-0.019700991,-0.002919187,0.00042636
2010-10-01,0.004420093,0.008386254,0.004268039,0,0.022,-0.014734799,0.025046159,0.054897326,-0.069738516,0.00113443,-0.1,-0.000826914,0.027378314,-0.006321351,0.001664536
2010-11-01,0.003314728,0.00030914,0.000851426,0,0.067,-0.005096587,0.009085645,0.055974873,0.108752764,0.002265007,-0.2,0.002642551,0.015490275,-0.003753698,0.008224538
2010-12-01,0.007111234,0.018743416,0,0,0.016,-0.005001012,0.025680446,0.02785372,-0.151460728,0,-0.1,0.001637102,0.050693442,0.005124933,-0.002073753
2011-01-01,0.002830509,-0.002309983,0.002549938,0,-0.012,-0.013891781,-0.02595771,-0.033007702,0.01978817,0.002259888,0,0.004069431,0.026354819,0.03744956,-0.000906257
2011-02-01,-0.000327532,-0.004056127,0.002543452,0,-0.019,-0.006349067,-0.000312014,-0.086397474,0.053108204,0.004504512,0,-0.000721728,-0.051159233,-0.029857243,-0.002978151
2011-03-01,0.003216845,0.011314731,0.010947478,0,-0.049,-0.011163948,0.017937803,0.093488122,0.03095842,0,0,-6.40494e-05,0.019128981,0.044478163,0.008140181
2011-04-01,0.001234016,0.003876953,0.003344485,0,0.061,-0.018996065,0.007318168,-0.034957224,0.015127064,0.00224467,0,0.002814299,0.012688805,-0.007765099,-0.003196847
2011-05-01,-0.002508995,-0.017664812,0.006655599,0,-0.02,0.010135311,-0.044416418,-0.072730932,0.024804108,0.00447428,-0.1,-0.002016886,-0.004251667,0.018538572,0.000898162
2011-06-01,0.003330257,0.006206721,-0.006655599,0,-0.044,0.009023244,0.018131265,0.007148994,0.019220188,0.002229655,0,0.001825253,-0.009404046,-0.008351517,-0.000769628
2011-07-01,0.007044427,0.017571559,0.001668057,0,0.019,-0.022205307,0.02617245,0.122019448,0.066896542,0.001112966,-0.3,0.002181279,0.036625453,0.002320211,0.004728972
2011-08-01,0.00540076,0.010519095,0.00249688,0,-0.002,0.028417208,0.026756631,0.035889102,-0.090278633,0.001111729,0,0.00075306,0.028041711,0.026639786,0.006637239
2011-09-01,0.001421918,0.006707488,0.002490661,0,-0.064,0.019909269,0.006922108,-0.046543215,0.087550366,0.001110494,0.1,0.000150544,0.029007483,0.006767594,-0.005431122
2011-10-01,0.000136519,-0.006635799,0.001657001,0,-0.003,0.017034418,-0.015097651,0.035096942,0.015492797,0.002217296,0,-0.000810889,-0.020222932,0.028894197,0.001980838
2011-11-01,0.000787852,-0.002575059,0.000827472,0,0.021,0.005860323,-0.006793836,-0.013845511,-0.138542314,0.003316753,0.1,-0.000962336,0.027101056,-0.008617037,0.002472107
2011-12-01,0.004715236,0.009552025,-0.005806736,0,-0.06,-0.001984823,-0.000523662,0.069680588,0.078203639,0.001103144,-0.1,0.000973924,0.040475779,0.002476073,-0.000449288
2012-01-01,-0.000473319,0.000115674,0.004151106,0,0.051,-0.010331813,0.003482211,-0.000168301,0.014086906,0.001101928,0.2,0.00068929,-0.052698436,0.000576534,0.000864158
2012-02-01,-0.002601943,-0.021951951,0.004133946,0,0.064,-0.0166522,-0.026616621,-0.073211025,0.019481072,0.002200221,-0.1,-0.001454436,-0.001233546,-0.002285427,-0.000882064
2012-03-01,0.002491265,0.001750757,0.004116926,0,-0.015,-0.002686941,-0.001952245,0.035350927,0.032496373,0.003291281,-0.2,0.005412984,-0.032326771,-0.002740825,0.006049312
2012-04-01,0.003427016,0.008942081,0.004100047,0,0.116,-0.001232882,0.010085419,-0.011210091,0.169066666,0.002188185,0,0.004465578,0.006206697,-0.004423872,0.001526728
2012-05-01,0.001583695,-0.000579052,-0.000818666,0,-0.036,0.017190096,-0.000916782,0.009379637,-0.173119551,0.002183407,0.2,-0.000229698,-0.001490448,0.014746706,0.002560604
2012-06-01,0.000509366,-0.005766775,-0.004103412,0,-0.104,0.017891845,-0.018053094,-0.042223175,0.038964085,0.00217865,-0.2,0.000143567,-0.008712714,0.015237846,0.004569502
2012-07-01,0.001966076,-0.003795404,-0.000822707,0,0.07,-0.013847495,-0.017551554,0.067464192,-0.041554339,0.001087548,-0.1,0.001440273,-0.017499673,0.000882343,0.000252137
2012-08-01,-0.001295843,-0.010116569,0.002466092,0,0.062,-0.021727289,-0.01859406,-0.015841771,0.08681209,0.001086366,0.1,0.00264561,0.012259006,-0.037474394,-0.002899124
2012-09-01,-9.44501e-05,-0.003378682,0.001640689,0,-0.034,-0.014054149,0.010807703,-0.04854964,-0.034492233,0.002169198,0,0.002769808,-0.003588156,-0.004277821,0.00641214
2012-10-01,-0.000432362,-0.000270297,0.001638002,0,0,0.009066267,0.007856758,0.084219022,-0.083534669,0.002164503,0,0.000496042,0.011586085,-0.005912368,-0.003111476
2012-11-01,0.004777818,0.010153364,-0.00245801,0,-0.012,0.009921271,0.017515742,-0.00553993,-0.032275829,0.001080497,0,0.001173555,0.00485171,0.037465352,-6.48862e-05
2012-12-01,-8.07713e-05,-0.004373294,-0.005758963,0,-0.008,-0.007529623,0.012078715,0.081818687,0.003149877,0.001079331,-0.1,0.002598563,-3.1109e-05,-0.032218472,0.001118399
2013-01-01,0.004870557,0.007691526,0.000824742,0,-0.046,0.002587073,0.007297687,-0.029687916,-0.195778361,0.001078167,-0.2,-0.000499855,0.003162971,0.015362335,-0.000779633
2013-02-01,0.004478692,0.010570145,0.011475536,0,0.026,0.017698498,0.025565991,-0.086298715,0.116807551,0.002152853,0,0.004274771,0.022805137,0.017729328,0.006789238
2013-03-01,0.004011724,0.006194692,0.001628665,0,0.018,0.014629963,0.011125902,0.115706187,-0.015419817,0,0.2,-0.003723808,0.013989189,0.000782985,-0.001662726
2013-04-01,0.001114668,-0.006962729,-0.001628665,0,0.015,-0.005906326,-0.009793046,-0.089201216,-0.014830012,0.002148229,-0.1,0.001753107,0.012958076,0.012530982,0.001341047
2013-05-01,0.0026423,-0.002094097,0.002442004,0,0.006,0.001141633,-0.006815108,-0.036409209,0.084621144,0.002143624,-0.1,0.002898077,-0.023009418,-0.006612595,0.001508887
2013-06-01,-0.003927306,-0.003048324,0,0,0.025,0.011315652,-0.009017997,0.011551023,-0.018228628,0.001070091,0.1,-0.000587993,-0.002620144,-0.01186701,-0.003754339
2013-07-01,0.005432124,0.004079396,0.000812678,0,-0.011,0.00855086,0.014974112,0.079630493,0.029160483,0.001068947,0.1,-0.001811379,-0.022199413,0.008412886,-0.002504368
2013-08-01,0.00473821,0.008705072,0,0,-0.018,0.000518138,0.014850892,0.059015552,-0.050181471,0.001067806,0,0.001573823,0.050424596,0.028259207,0.002367844
2013-09-01,0.003297945,0.00825191,0.001623377,0,-0.009,-0.006382263,0.002309457,-0.068760403,0.037587931,0.001066667,-0.2,-0.001035727,0.009312657,-0.009400197,0.000851394
2013-10-01,0.0056077,0.013872672,-0.002436055,0,-0.071,0.002038067,0.013681752,0.036872511,0.025956139,0,0.2,0.00027177,-0.017950652,-0.009469756,-0.000198088
2013-11-01,0.001536767,-0.003367586,0,0,0.024,0.012351637,-0.005946627,-0.002076107,-0.031004251,0.00106553,-0.2,0.001521679,-0.00409251,0.017823676,0.002164919
2013-12-01,-0.004808178,-0.008613378,-0.002442004,0,-0.051,0.013898939,0.000827143,0.053019774,-0.043864993,0,0.3,-0.001266961,0.00955935,-0.001491752,-0.000979188
2014-01-01,0.002856705,0.003737464,0.003254681,0,0.003,0.028059695,0.003922288,-0.009551708,-0.001785758,0.00212766,-0.1,-0.000141502,-0.002544678,-0.001515754,0.001499683
2014-02-01,0.005920282,0.018471968,0.008090659,0,-0.025,0.010292051,0.023821973,-0.096988261,0.034841405,0.003183027,0,-0.000209459,0.065688031,0.031266687,0.00244404
2014-03-01,0.001183055,0.003227337,0.005624764,0,0.014,0.004696066,0.018860188,0.130261896,-0.164033027,0.001058761,-0.2,0.002075669,0.028280582,0.006953981,-0.000753072
2014-04-01,0.003453828,0.013007649,0.003200003,0,0.059,-0.010485656,0.02925836,-0.071538519,0.197691185,0.002114166,0,-0.0004634,-0.016807347,0.010778916,-0.003688435
2014-05-01,0.003637978,0.002657752,0.004780886,0,-0.024,-0.008916797,-0.007272323,0.011612069,-0.013518762,0.001055409,0.2,-0.000197858,0.035009509,0.0295342,-0.004451918
2014-06-01,0.002817958,0.008402653,0.000794597,0,0.013,-0.005799938,0.014126455,-0.009504864,-0.003291775,0.001054296,-0.1,0.001852679,-0.002498958,-0.026847189,-0.003354352
2014-07-01,0.000590442,-0.005822502,-0.001589825,0,0.018,-0.008487111,-0.020755424,0.041736767,0.038117817,0,-0.1,0.002896397,0.003981692,0.002982214,0.010312245
2014-08-01,-0.001562983,-0.016789323,0,0,-0.01,0.017360766,-0.030901609,-0.010557459,-0.0337431,0.003156236,-0.1,-0.002715831,-0.012469882,0.004830629,-0.00704886
2014-09-01,0.006198543,0.018979905,0.000795229,0,-0.018,0.007708618,0.033753729,-0.017884668,-0.021389231,0.001049869,0,0.00182076,0.004674756,0.012040776,0.005821819
2014-10-01,0.004123124,0.007971768,0.000794597,0,-0.04,0.018064997,0.016478817,0.0684018,-0.064551039,0.001048768,-0.2,0.00147447,0.001033411,0.018726876,0.004522836
2014-11-01,-0.0007096,-0.003683462,-0.003979313,0,0.017,0.010109506,-0.002259597,-0.035975627,0.073203077,0.001047669,0,0.000129334,-0.031026031,-0.017306701,-0.006613903
2014-12-01,0.001892712,0.003982358,-0.007202912,0,0.017,0.018028409,-0.008889568,0.050756431,-0.086888223,0,-0.1,0.002089524,-0.001975044,0.008713086,0.005562707
2015-01-01,-0.003611098,-0.006796065,-0.001607717,-0.25,-0.32,0.049288878,-0.0024154,0.027934942,0.053902749,0,0.1,-0.000482674,-0.029876913,-0.002844507,0.00044564
2015-02-01,-0.000767876,-0.006415125,0.00881063,0,-0.125,0.031272774,-0.010571861,-0.098177903,-0.239951575,0.001046573,0.1,0.000791239,0.013256966,-0.003061178,-0.00085114
2015-03-01,-0.001017415,-0.006072074,0.007151401,0,0.061,0.009481571,-0.02684587,0.067872635,0.268828097,0.001045478,0,0.001507793,0.007913616,0.044084563,-0.00803059
2015-04-01,-0.000938175,-0.008765526,-0.000792079,0,0.119,-0.023086418,-0.013814301,-0.117687108,-0.057610236,0,0.1,-0.001945422,-0.00643332,-0.028096504,0.0071811
2015-05-01,-0.002082965,-0.009379307,0.005531425,0,0.018,-0.011934629,-0.019205419,-0.044515219,0.09320543,0.002087683,-0.1,0.001362753,-0.009283308,-0.002875696,0.001823905
2015-06-01,0.003698135,0.008065736,0.002361276,0,-0.089,0.014761074,0.031414198,0.044423373,0.011433763,0.002083334,0,-0.000392372,0.053586614,0.002381161,0.009361036
2015-07-01,0.003845758,0.014576373,0.000785855,-0.25,-0.149,0.039524195,0.038421001,0.131976391,-0.049076774,0.001040042,0.1,0.001490196,0.016120731,0.016956424,-0.007058033
2015-08-01,0.002126167,0.010727917,0,0,-0.051,0.021844249,0.004488086,0.025389981,0.119019966,0.003113651,0.1,0.00143767,-0.018073959,0.007251378,0.008085945
2015-09-01,-0.004535094,-0.021463287,-0.001572327,0,0.037,0.008953266,-0.043827687,-0.170885798,0.03610317,0.001035733,0,6.70781e-05,-0.009042864,-0.000172453,-0.007708114
2015-10-01,0.000560041,-0.002274687,0.000786473,0,-0.02,-0.014752622,0.000407211,0.080097611,-0.136402774,0.002068253,-0.1,0.000497355,-0.022607892,-0.012755222,0.002631897
2015-11-01,0.002275629,0.003173955,-0.000786473,0,0.049,0.01576196,0.003345374,0.02972793,0.082901702,0.001032525,0.1,-0.001481618,-0.007042901,0.009561632,-0.001289618
2015-12-01,0.001771798,0.0044472,-0.00473187,0,0.055,0.03145091,0.012633924,0.04890138,-0.217061372,0.00103146,0.2,-0.00029099,0.033084525,0.006011619,-3.27171e-05
2016-01-01,0.005318388,0.006029318,0.002368734,0,-0.016,0.037134509,-0.003262075,-0.011255007,0.034273458,0.001030397,-0.1,0.000235037,0.020263954,0.006618717,0.006353306
2016-02-01,-0.002440184,-0.009294953,0.002363136,0,-0.019,-0.030484975,-0.018475315,-0.073406047,0.185908598,0.002057614,0.1,0.000973138,-0.048816857,-0.005789246,-0.004781397
2016-03-01,-0.00343494,-0.010378394,0.00627453,0,0,-0.042187609,-0.024821764,0.048735461,-0.05913459,0.002053389,-0.1,0.000212398,-0.043428058,-0.039670347,-0.000333453
2016-04-01,0.001656277,0.002372001,0.003122563,0,0.079,-0.031303325,-0.007183357,-0.131918717,-0.051258761,0.002049181,0.1,0.001502269,0.001083557,-0.002362867,-0.004102987
2016-05-01,-0.007650495,-0.039315485,0.003889542,0,0.01,0.009590182,-0.089487157,-0.169238285,0.004500115,0.008154989,-0.2,0.001544591,-0.014730463,-0.002444814,0.005194885
2016-06-01,0.004746296,0.025352057,0.002326484,0,-0.057,-0.003599731,0.050771504,0.068495974,0.127414495,0.001014713,-0.1,0.000395522,0.004281962,0.008201231,-0.00398734
2016-07-01,0.007104402,0.02547767,-0.001550388,0,0.01,0.01192566,0.07457713,0.197529868,-0.090551949,0.004048589,0,-0.000629567,0.048740946,-0.006374906,0.000136146
2016-08-01,0.001743814,0.003603474,-0.001552795,0,0.008,-0.004295428,0.002882539,0.055873435,-0.059786895,0.001009591,-0.1,0.002838271,0.022374645,0.02345892,-0.001797067
2016-09-01,0.004257735,0.011182448,0.000776699,0,0.021,0.008757898,0.033493697,-0.037726642,0.138743468,0.00201613,0.1,0.002126202,-0.003410011,0.050523675,0.001430139
2016-10-01,3.96392e-05,-0.005915836,0.002326484,0,-0.029,0.010833389,0.00245782,0.049328153,-0.104476372,0.004020106,-0.1,0.001036479,0.009205021,-0.047820959,-0.002493839
2016-11-01,0.004240028,0.011819208,-0.003880486,0,0.005,0.013979534,0.031813462,0.02672496,-0.044148891,0.002004009,-0.1,0.001372927,0.045096857,-0.009002351,0.015339937
2016-12-01,0.002175184,0.001517091,-0.001556421,0,-0.036,-0.008118144,-0.009941073,-0.010485662,0.087097045,0.0010005,0.1,0.001547817,-0.007339098,0.006194527,-0.012851167
2017-01-01,0.004565374,0.003882625,0.00853049,0,-0.017,-0.010440809,0.02270403,0.034105842,0.018932296,0.0009995,0,0.003776554,0.018485109,0.030348198,0.001391321
2017-02-01,0.003477637,-0.002033995,0.00154321,0,0.024,-0.006539947,0.002306629,-0.093211658,0.010205915,0.003988041,-0.3,0.002423804,-0.018621728,0.006323399,0.000744338
2017-03-01,0.004268218,0.006261008,0.001540832,0,0.033,0.021062946,-0.006404383,0.047024014,0.162718731,0.001988072,0.1,0.001365952,0.014188484,0.001472394,0.008903482
2017-04-01,0.004635875,0.004327572,0.003841726,0,0.035,0.00402595,0.015540008,-0.127204351,-0.142952373,0.007912999,-0.2,0.001648724,0.013190562,0.020861924,0.004800121
2017-05-01,0.001937294,0.010984083,0.000766577,0,-0.019,0.012349031,0.021065696,0.065708452,-0.069888596,0.006872879,0.1,0.002257788,0.012541749,0.023029257,0.001160682
2017-06-01,0.002198017,-0.002747696,-0.000766577,0,0.154,-0.022970718,-0.009245116,-0.003212587,0.052156719,0.001955035,-0.1,0.003189378,-0.04859847,-0.006048195,0.002853173
2017-07-01,-0.00062923,0.000905829,0,0.25,0.057,-0.046878172,0.018783874,0.080977552,0.092811213,0.00389864,-0.2,0.002473614,-0.042567224,-0.052406571,0.003871257
2017-08-01,-0.001087056,-0.014329809,0.000766577,0,0.002,-0.006641916,-0.024374141,0.043693287,-0.009520086,0.00097229,-0.1,0.00105825,-0.005652028,-0.005774337,-0.00092512
2017-09-01,0.00245923,0.002185932,0.002296212,0.25,0.267,-0.025877368,-0.004320111,-0.08783422,-0.03906831,0.001941748,0,0.000330812,0.004665398,0.009535851,0.008383872
2017-10-01,0.000117599,-0.007319931,0.000764234,0,-0.114,0.025877368,-0.034070174,0.020183159,0.008886761,0.000969462,0.1,0.001766096,0.019778523,-0.013052793,-0.000841362
2017-11-01,0.004726515,0.010855377,0.003051108,0,-0.023,0.012926798,0.006657749,0.048903076,0.118787744,0.000968523,-0.1,0.004072863,0.045777303,0.063403302,-0.0079469
2017-12-01,0.002731952,0.003514768,-0.003815342,0,0.178,0.000156617,0.014348588,0.049277261,-0.147343635,0,-0.2,0.003723417,0.007472721,0.013226031,0.011487306
2018-01-01,0.003250402,0.004392534,0.00685717,0.25,0.146,-0.027305451,-0.002706674,-0.039096367,0.011371852,0,-0.1,-0.00230667,-0.021697436,-0.042575959,-0.002779299
2018-02-01,0.00401381,0.009487523,0.006056037,0,-0.025,0.01271356,0.041100899,-0.064972889,0.056815939,-0.001937985,0.1,-0.00034996,0.015875434,0.020304899,0.005508056
2018-03-01,0.002897562,0.014324474,0.00301432,0,-0.085,0.027119775,0.030234331,0.106353532,-0.036421886,0,-0.2,0.003215022,0.029511446,0.055032759,-0.000255938
2018-04-01,0.000873283,0.000103924,0.003005261,0,0.114,-0.015507811,-0.015668669,-0.111237411,-0.042806097,0,0,-0.000918291,0.016476932,-0.023118593,-0.002107661
2018-05-01,0.004895796,-0.002384981,0.000749906,0,0.1,0.010935046,0.01774119,0.084384329,-0.077009732,0,0.1,0.000467306,0.000110178,0.019293354,0.004752663
2018-06-01,0.002033878,0.007829864,0.001498128,0,-0.053,0.019691429,-0.007331378,-0.036623816,0.209151309,0.000969462,0.1,0.002997378,0.053047773,0.008768763,-0.001923625
2018-07-01,0.002452239,0.006224262,0.005225842,0.25,0.195,7.61644e-05,0.017053268,0.059808538,-0.18246791,0.000968523,-0.1,0.004609866,-0.003935403,-0.00746619,0.009755644
2018-08-01,0.001659508,-0.001956097,-0.000744879,0,0.067,-0.006801448,0.00015088,0.04749595,-0.022259986,0,0.1,-0.003159982,-0.017551581,-0.008969823,-0.001155605
2018-09-01,0.001487471,-0.000857987,-0.00373274,0,0.037,-0.000306772,-0.016400924,-0.116806443,-0.018525211,0,-0.2,0.004949053,0.001546665,0.002041499,-0.002633529
2018-10-01,0.002434208,0.0014199,0.002987306,0.25,0.188,-0.002073176,-0.007143308,0.098519708,0.099366817,0,-0.2,0.000925227,-0.008680753,-0.015021095,0.002325809
2018-11-01,-0.00196522,-0.00723397,-0.004484312,0,-0.021,0.014498537,-0.016490081,-0.017258667,0.0490858,0,0.1,0.002892453,-0.066320982,-0.005998773,0.003945701
2018-12-01,-0.000552429,-0.010733852,-0.000749344,0,-0.048,0.01742309,-0.011987431,0.036810457,-0.043128278,0,-0.1,0.001239335,-0.034430414,0.020558744,-0.000137042
2019-01-01,0.002724748,0.000351694,0.001498128,0,-0.038,-0.009800699,-0.020637984,-0.062180218,-0.069857072,-0.000968523,0.1,0.001465093,0.052977315,0.014728544,-0.001666921
2019-02-01,-0.002525858,-0.001179066,0.006713938,0,0.055,-0.007167949,0.005206684,-0.094749797,-0.206689807,0,0.1,0.002386094,0.007040267,-0.010837166,-0.011779833
2019-03-01,0.005746338,0.010992573,0.006669161,0,-0.03,0.01219252,0.031778366,0.114802118,0.166550095,0,0,-0.001730935,0.041907808,0.025027307,0.013335112
2019-04-01,0.004106772,0.011293642,0.004421525,0,0.014,0.000747775,0.058772703,-0.015162053,0.174946578,0,-0.1,0.006360159,0.009827204,-0.015057123,0.006888132
2019-05-01,0.003930678,0.006021336,0.004402061,0,0.021,0.006036461,-0.019837489,-0.008737076,-0.154466748,-0.000969462,-0.2,0.000713518,0.031274992,0.015844756,-0.002463367
2019-06-01,0.003386665,-0.00788907,-0.002198608,0,-0.026,-0.012861914,-0.010367671,0.003954214,0.21043836,-0.000970403,0.1,0.000592462,-0.050079376,-0.030875712,0.005980158
2019-07-01,0,-0.016168022,0.005122587,0,-0.016,-0.01409755,-0.037389405,0.030326893,-0.099140707,-0.000971345,0.1,-0.000325024,-0.007866577,6.26109e-05,-0.004953698
2019-08-01,-0.000621454,-5.35212e-05,-0.001460921,0,-0.007,0.013344652,0.007671585,-0.000141185,0.026191818,0.000971345,0,0.003219367,0.016390242,0.014052381,0.010973322
2019-09-01,0.001708427,0.000775777,-0.004395611,0,-0.014,-0.002715139,-0.002101519,-0.061474225,0.001298175,0.001939865,-0.1,0.000465035,-0.012609382,-0.025902585,-0.007939488
2019-10-01,0.001224229,-0.00142361,0.002932553,0,0.038,-0.00385911,-0.0063869,0.059888026,-0.098057832,0.000968523,0,-0.000621837,-0.01346653,-0.00424191,0.000384044
2019-11-01,0.000501254,-0.004404058,-0.001465202,0,-0.01,0.003708052,-0.023260577,-0.001843003,-0.014651159,-0.000968523,0.3,-0.001784047,-0.005434518,-0.013775732,-0.002532659
2019-12-01,0.000788942,-0.00422094,0,0,0.019,-0.005073654,0.013303003,0.058888231,-0.011063328,0.001936109,-0.3,0.004686125,0.009811392,-0.004596604,0.005457906
2020-01-01,0.002224692,0.009080131,0.00292826,0,-0.029,-0.006473993,0.052062071,-0.028687193,0.002637395,0,-0.1,0.000948134,-0.033246516,0.019999404,-0.007127765
2020-02-01,0.00182569,0.010578165,0.004376375,0,-0.004,0.015091478,0.007742386,-0.053200182,0.046421188,0.003861009,0.3,-9.37314e-05,0.005958006,0.008540768,0.007274184
2020-03-01,-0.075350894,-0.074668181,-0.005839433,-1,-1.405,0.04898369,-0.044179939,0.051566048,-0.102782599,0.002886005,2.7,-0.061461434,-0.086840437,-0.047846682,-0.167567941
2020-04-01,-0.109011109,-0.16334066,-0.00661038,-0.5,0.039,0.00749709,-0.119629135,-0.179937774,-0.160936662,0,5.2,-0.11566298,-0.32513038,-0.262897077,-0.155383374
2020-05-01,0.045324818,0.055741841,0.002943343,0,-0.017,-0.006279455,0.001580601,-0.033132228,0.178931844,0.000960154,0.5,0.019996666,0.073260371,-0.033533068,0.062835496
2020-06-01,0.055510347,0.055787048,0.008049806,0,-0.046,-0.030525626,-0.039786946,0.030936514,0.101714842,0.000959233,-1.6,0.062511494,0.182927274,0.190758053,0.100943229
2020-07-01,0.023849444,0.031091108,0,0,-0.044,-0.003770939,0.009898088,0.030127918,0.138573966,0.003827756,-1.7,0.02410423,0.08581241,0.093457869,0.056376563
2020-08-01,0.008841165,0.003144606,-0.001458789,0,-0.016,-0.0207335,-0.02118462,-0.007886488,0.073896743,0.004764182,-0.8,0.012980129,0.012282718,0.015201382,0.026354165
2020-09-01,0.00911104,0.01138701,-0.000730194,0,-0.013,0.000453686,0.03592429,-0.006176782,-0.206348761,0.012281685,-1,0.023258384,0.016539172,0.027025434,0.017344414
2020-10-01,0.006975312,0.010199156,0.004373185,0,-0.05,-0.000983247,0.01243359,0.079375053,0.058917229,0.007483664,-0.1,0.003255115,0.006774273,0.005520598,0.004600994
2020-11-01,0.005785482,0.014252009,0.001453489,0,0.023,-0.011186054,0.033451361,0.046152952,0.13331268,0.005576223,-0.4,0.001803233,0.012575647,0.004471212,0.014043533
2020-12-01,0.003692421,0.012572407,-0.002181026,0,0.006,-0.020096518,0.038698952,0.070729837,-0.078036199,0.002776494,0.3,-0.003130902,0.016275951,-0.013447924,-0.003271246
2021-01-01,0.00462892,0.009893287,0.005805532,0,-0.059,-0.006580002,0.011986577,-0.014425147,0.191927781,0.007366516,0.3,-0.01079402,0.084293874,0.023289815,-0.000759404
2021-02-01,0.004860464,-0.009198973,0.005052338,0,0.017,-0.001966724,-0.009411427,-0.147735642,-0.110097822,0.019082814,-0.7,0.012959308,-0.020893833,-0.018494211,0.012670945
2021-03-01,0.01026837,0.004150288,0.005026941,0,0.023,-0.00989206,-0.001296427,0.126174791,0.203608738,0.010743165,-0.8,0.012851797,-0.006365945,0.043275593,0.020342148
2021-04-01,-0.010459701,-0.021145226,0.005001797,0,0.005,-0.006222597,-0.023905365,-0.113256141,-0.160764277,0.018527217,0.5,-0.010610857,-0.008017848,-0.035933341,-0.021599331
2021-05-01,-0.003353267,0.002685267,0.004976903,0,0.008,-0.030056685,0.008520521,0.040972703,0.03870596,0.013889112,0.1,-0.002691878,-0.008050386,0.022901397,0.005383301
2021-06-01,0.010559569,0.01736611,0.002832863,0,0.033,0.00764021,0.012583083,0.029212106,0.002388594,0.006016348,-0.4,0.014435988,0.069081736,0.001266853,-0.000382009
2021-07-01,0.006508578,0.001157184,0.006344752,0,0.038,0.02505384,0.019811193,0.043466786,-0.033311275,0.004275338,-0.5,0.006441441,0.005255968,0.030425607,0.00948258
2021-08-01,0.006247371,0.003592504,0.002106003,0,-0.002,0.005888924,-6.6627e-05,-0.015470396,-0.055591712,0.006802747,-0.3,0.003422737,0.00884625,-0.006676227,0.002080988
2021-09-01,0.005571883,-0.002852058,0.002101577,0,-0.032,0.005381037,0.022717556,-0.048470751,-0.034944693,0.004228336,-0.1,0.008838441,-0.021742434,-0.018013376,0.011670535
2021-10-01,0.006278055,0.016699389,0.006973529,0,0,-0.018640017,0.008514632,0.097246164,-0.057992615,0.009239881,-0.5,0.001920123,0.06204744,0.05140076,0.009322463
2021-11-01,0.006389757,-0.002959328,0.002082611,0,-0.017,0.010637122,-0.024109253,-0.030020454,0.254666727,0.007496911,-0.4,0.007705575,0.043642066,0.02960298,0.005278577
2021-12-01,0.002496693,0.008523593,-0.001387925,0,0.045,0.017663288,0.000774674,-0.011187859,-0.210874188,0.002486533,-0.2,0.003671745,-0.006147872,0.057630094,0.003041332
2022-01-01,-0.001668239,0.009121084,0.008987271,0,0.343,-0.014010461,-0.005141059,-0.022878362,-0.075845064,0.009064751,0.5,-0.010480796,0.008436806,-0.064655441,-0.029062601
2022-02-01,0.005778663,0.002843831,0.010270546,0,0.101,0.007895193,0.012189405,-0.056526,0.082691092,0.010608015,-0.9,0.016623215,0.046388691,0.046040027,0.039510376
2022-03-01,0.007212969,0.006945015,0.014203824,0.25,0.155,-0.004571617,0.005106919,0.105830678,-0.01288822,0.012101802,-0.1,0.000957308,0.059226811,0.070838912,0.002681142
2022-04-01,0.000776957,0.006257037,0.006026131,0.5,0.603,-0.002372856,0.026904893,-0.057682205,0.066915471,0.003202565,0,0.003145528,0.010292387,0.024321579,-0.017643232
2022-05-01,0.002036018,-0.004062486,0.013921339,0,0.101,0.017582871,0.01125241,-0.008948108,0.06722982,0.004784698,-0.2,0.002720842,0.082066607,0.001379461,0.013711349
2022-06-01,0.001995544,0.007653681,0.006561703,0.5,0.628,-0.002961118,0.002735219,-0.008309032,-0.026676616,0.001589825,-0.3,-0.000637745,-0.025515146,0.025014622,0.00431456
2022-07-01,0.001556749,0.000164713,0.00130719,1,0.591,0.009939513,0.00859622,0.078726542,0.013181976,0.000793966,-0.1,0.001856428,-0.042641594,-0.011683589,-0.001012378
2022-08-01,0.00191515,-0.001415321,-0.003271184,0,0.622,-0.001546551,-0.00859622,0.007424399,-0.03926819,0.000793336,0.4,-0.000318434,-0.031063533,0.004748069,-0.00086028
2022-09-01,-8.10262e-05,0.002570161,0.000655093,0.75,0.334,0.030260302,0.014907009,-0.032187686,0.100216379,-0.000793336,-0.1,0.000752957,0.007309986,-0.005627719,0.001224606
2022-10-01,-0.000243118,-0.013009963,0.007177845,0,0.52,0.028204246,-0.014844321,0.027127923,-0.118730483,-0.002383791,0,0.004370088,-0.006050712,0.014783362,0.002915247
2022-11-01,0.000301512,-0.000359845,0.001299545,0.5,-0.039,-0.018491079,-0.002016934,0.005850053,-0.008112872,-0.001592357,-0.1,0.002059961,-0.017576685,-0.027344969,0.006496512
2022-12-01,-0.001440924,-0.010904177,-0.0058613,0.5,0.17,0.010576631,-0.033226315,-0.003324193,-0.028940732,0,0,0.003742274,0.019498758,-0.008364297,-0.000628572
2023-01-01,0.00898751,0.012667769,0.005211738,0,0.155,-0.012586233,0.024448004,-0.013091305,-0.186967519,-0.0023933,0.1,0.005733961,0.038959378,0.027880636,0.008068879
2023-02-01,0.000106916,0.005524432,0.003891055,0.25,0.106,0.002083954,0.001808826,-0.082412058,0.160928881,-0.002399042,0,0.001976815,-0.053639732,-0.021959926,0.001551081
2023-03-01,0.002444257,0.003244555,0.005164634,0,-0.157,0.017101994,0.005146265,0.101744042,-0.140631496,0,-0.1,0.003012334,0.004113438,-0.021070794,0.005375496
2023-04-01,-0.00128599,-0.002903079,0.007058098,0,0.043,-0.014503144,0.002917351,-0.102587099,0.198285328,-0.000800961,0.1,0.002159524,-0.001551839,-0.003820467,0.001003204
2023-05-01,0.003255708,-0.002276953,0.003828977,0,0.113,0.002592114,-0.031948515,0.005330286,-0.278215583,0.000800961,0.1,-0.000548087,-0.021325707,0.042585077,-0.001531674
2023-06-01,-0.001469311,0.000136869,0.001273075,0.25,0.369,-0.017308698,0.021786357,0.007900258,0.357358918,0.00080032,0.2,0.004248446,-0.040643169,-0.00147356,0.002872496
2023-07-01,-0.00031939,-0.003099928,0.005708864,0.25,0.102,-0.005508824,0.014000076,0.099680816,-0.107950268,-0.00080032,0.1,0.000943837,0.013916059,-0.045233381,0.000213713
2023-08-01,0.00096592,0.001458901,0.003787883,0,0.123,0.020225409,0.000598067,-0.005708089,-0.02201055,0.00080032,0,0.002943762,0.050213539,0.030535628,0.003787926
2023-09-01,-0.000190692,-0.004303673,-0.001261034,0,-0.012,0.003700966,-0.006553584,-0.055426924,0.069789901,-0.002402885,0,0.002602907,0.020393155,0.008354924,0.000791229
2023-10-01,0.001921369,0.001370519,0.000630716,0,0.016,0.013357016,0.014685625,0.038934292,0.020246372,0,0.2,0.001396512,0.003555391,-0.0221558,-0.000900833
2023-11-01,0.001725903,0.010004832,0.00126024,0,-0.119,-0.000583388,0.017321844,0.043743807,-0.261044101,-0.002408672,0,0.001199637,-0.013629286,0.017294324,-0.005140359
2023-12-01,-0.002443749,-0.005562256,-0.003153582,0,-0.005,-0.020487084,0.006788563,0.04125562,0.18408705,0,0.1,0.000696689,-0.018293529,0.000744579,0.004547175
2024-01-01,0.004032195,-0.012006447,0,0,-0.006,-0.000446828,-0.039631743,-0.088655804,-0.080660808,-0.000804182,-0.1,0.002155199,-0.036622055,-0.039557919,0.00506411
2024-02-01,0.004584032,0.006399843,0.003153582,0,-0.05,0.005645116,0.0335302,-0.027715859,0.117276279,0.000804182,0.2,0.001485985,0.06694871,0.043664028,0.002981042
2024-03-01,-0.00025094,-0.006642302,0.006277485,0,0.018,0.002810653,-0.001278756,0.08091583,-0.070217619,0,0.2,0.000329919,-0.036046679,-0.009028121,-0.002617521
2024-04-01,0.003923149,0.009079915,0.004993768,0,-0.059,0.00992181,0.014080175,-0.04987532,-0.003021531,0.002408672,0.1,0.004163143,0.023057171,0.017526325,0.006316167
2024-05-01,0.001530563,0.004923166,0.005588341,0,-0.068,-0.000292569,-0.004869748,-0.028698522,0.104105822,0.001602564,0.1,-0.000106283,-0.03417122,-0.013000528,0.000376411
2024-06-01,0.001280729,0.002044843,-0.000619387,-0.25,-0.213,0.002703001,0.008519388,0.006811382,-0.104760104,-0.001602564,0.1,0.00084995,0.04353107,0.024646284,-0.003067892
2024-07-01,0.002651434,0.003018924,0.004327673,-0.25,-0.25,0.000364711,-0.001052402,0.062868842,0.132226727,0.002402885,0,-0.000144827,-0.009592165,-0.013624976,0.011254475
2024-08-01,8.56541e-05,-0.007333999,-0.001852424,0,-0.204,-0.004385331,0.001018195,0.01164234,-0.257780435,0,0.3,0.001432862,-0.013628248,0.007343451,-0.00439204
2024-09-01,0.002775172,-0.002956651,-0.004335714,-0.25,-0.226,-0.00779473,-0.008562806,-0.0860307,0.051112696,0,-0.1,0.001767742,-0.000853573,-0.007057186,-0.003856377
2024-10-01,0.001956015,0.006217014,0.004335714,-0.5,-0.336,0.015311094,0.017764947,0.100173397,0.089292464,-0.004008021,0,0.000158799,0.015641316,0.003514228,0.000625294
2024-11-01,-0.002133865,-0.010250655,0,0,-0.162,0.015867625,-0.011325265,-0.020135919,0.087039606,0.00080289,0.3,0.002105315,0.020650276,0.022136127,-0.001006933
2024-12-01,0.001911326,1.06083e-05,-0.003715175,-0.5,-0.341,0.018784887,0.011121879,0.054146573,-0.143303171,-0.00080289,-0.2,0.004359936,0.05132506,0.031083904,0.006617788
2025-01-01,0.004280317,0.015421561,0.000620155,0,-0.178,0.010478615,0.02289879,-0.014560184,0.007741508,-0.000803536,-0.1,0.003626754,0.045640335,0.008847596,0.008509371
2025-02-01,-0.001107373,0.000522159,0.010484216,-0.25,-0.124,-0.006204056,-0.025444616,-0.15004768,-0.055674147,0.000803536,0,5.2396e-05,-0.058924349,0.012265075,-0.013532885
2025-03-01,0.000786439,0.001199932,0.00306279,-0.25,-0.193,0.004047458,0.022989711,0.158172107,-0.02958068,0,0.1,-0.001553994,-0.019780106,-0.011179108,0.003996488
2025-04-01,-0.001331427,-0.012856514,-0.000611808,0,0.008,-0.026177104,-0.003993782,-0.07679352,0.276753104,-0.00402415,0.2,0.000352959,-0.120068798,-0.032106182,0.003648843
2025-05-01,-0.000406973,-0.003518336,0.005492843,0,-0.009,-0.009192825,-0.015602933,-0.061504023,0.001576518,-0.002422286,0.1,0.000419573,0.0198291,-0.014039973,-0.000174014
2025-06-01,-0.001324571,-0.012621888,0.000608458,0,0.044,-0.013510774,-0.005877174,0.002599901,0.001404752,-0.002428168,-0.1,0.003953449,0.008887516,0.013646584,0.004554604
2025-07-01,0.002029247,0.001371626,0.003036747,0,0.006,0.001242463,0.002927004,0.01726635,0.036575593,-0.000810701,0,-0.00193909,0.001118872,-0.000695982,-0.001704353
